vehicle_id,customer_id,make,model,v_year,color,interior_color,miles,v_condition,repair_cost,book_price,sale_price,issue_log
1,18,Lexus,GX,2009,Puce,Teal,101483,2,8601.08,32725.52,70359.868,VESTIBULUM SED MAGNA AT NUNC COMMODO PLACERAT. PRAESENT BLANDIT. NAM NULLA.
2,84,Chevrolet,Camaro,1994,Maroon,Aquamarine,63508,2,3866.79,73468.6,157957.49,"SUSPENDISSE ORNARE CONSEQUAT LECTUS. IN EST RISUS, AUCTOR SED, TRISTIQUE IN, TEMPUS SIT AMET, SEM."
3,,Cadillac,Allante,1993,Crimson,Blue,251341,2,7488.73,71897.45,154579.5175,
4,22,Isuzu,Rodeo,2004,Khaki,Fuscia,130563,2,7205.74,33024.01,71001.6215,"DONEC UT DOLOR. MORBI VEL LECTUS IN QUAM FRINGILLA RHONCUS. MAURIS ENIM LEO, RHONCUS SED, VESTIBULUM SIT AMET, CURSUS ID, TURPIS. INTEGER ALIQUET, MASSA ID LOBORTIS CONVALLIS, TORTOR RISUS DAPIBUS AUGUE, VEL ACCUMSAN TELLUS NISI EU ORCI. MAURIS LACINIA SAPIEN QUIS LIBERO. NULLAM SIT AMET TURPIS ELEMENTUM LIGULA VEHICULA CONSEQUAT. MORBI A IPSUM. INTEGER A NIBH. IN QUIS JUSTO. MAECENAS RHONCUS ALIQUAM LACUS."
5,88,Buick,Skyhawk,1984,Turquoise,Maroon,166909,0,2182.82,55285.09,118862.9435,"IN HAC HABITASSE PLATEA DICTUMST. MAECENAS UT MASSA QUIS AUGUE LUCTUS TINCIDUNT. NULLA MOLLIS MOLESTIE LOREM. QUISQUE UT ERAT. CURABITUR GRAVIDA NISI AT NIBH. IN HAC HABITASSE PLATEA DICTUMST. ALIQUAM AUGUE QUAM, SOLLICITUDIN VITAE, CONSECTETUER EGET, RUTRUM AT, LOREM. INTEGER TINCIDUNT ANTE VEL IPSUM. PRAESENT BLANDIT LACINIA ERAT. VESTIBULUM SED MAGNA AT NUNC COMMODO PLACERAT."
6,39,Chevrolet,Corvette,1954,Green,Turquoise,145618,0,2698.39,86824.54,186672.761,"PROIN EU MI. NULLA AC ENIM. IN TEMPOR, TURPIS NEC EUISMOD SCELERISQUE, QUAM TURPIS ADIPISCING LOREM, VITAE MATTIS NIBH LIGULA NEC SEM."
7,33,Chevrolet,SSR,2003,Orange,Aquamarine,95259,3,548.7,6845.26,14717.309,"DUIS AC NIBH. FUSCE LACUS PURUS, ALIQUET AT, FEUGIAT NON, PRETIUM QUIS, LECTUS. SUSPENDISSE POTENTI. IN ELEIFEND QUAM A ODIO. IN HAC HABITASSE PLATEA DICTUMST. MAECENAS UT MASSA QUIS AUGUE LUCTUS TINCIDUNT. NULLA MOLLIS MOLESTIE LOREM. QUISQUE UT ERAT. CURABITUR GRAVIDA NISI AT NIBH."
8,5,Pontiac,Montana,2004,Puce,Crimson,130580,1,8990.57,36732.15,78974.1225,DUIS AT VELIT EU EST CONGUE ELEMENTUM. IN HAC HABITASSE PLATEA DICTUMST.
9,55,Jaguar,S-Type,2003,Crimson,Puce,191614,1,909.54,74032.89,159170.7135,"INTEGER A NIBH. IN QUIS JUSTO. MAECENAS RHONCUS ALIQUAM LACUS. MORBI QUIS TORTOR ID NULLA ULTRICES ALIQUET. MAECENAS LEO ODIO, CONDIMENTUM ID, LUCTUS NEC, MOLESTIE SED, JUSTO. PELLENTESQUE VIVERRA PEDE AC DIAM. CRAS PELLENTESQUE VOLUTPAT DUI."
10,,Lincoln,MKZ,2007,Goldenrod,Mauv,292917,1,2205.13,94467.65,203105.4475,
11,2,Ford,Focus,2005,Goldenrod,Aquamarine,109508,1,71.73,42602.35,91595.0525,"PRAESENT BLANDIT. NAM NULLA. INTEGER PEDE JUSTO, LACINIA EGET, TINCIDUNT EGET, TEMPUS VEL, PEDE. MORBI PORTTITOR LOREM ID LIGULA. SUSPENDISSE ORNARE CONSEQUAT LECTUS. IN EST RISUS, AUCTOR SED, TRISTIQUE IN, TEMPUS SIT AMET, SEM. FUSCE CONSEQUAT. NULLA NISL."
12,,Acura,Integra,2001,Teal,Violet,43469,1,9980.42,35675.77,76702.9055,
13,54,Plymouth,Colt Vista,1994,Green,Violet,113176,2,7001.36,97714.68,210086.562,"IN TEMPOR, TURPIS NEC EUISMOD SCELERISQUE, QUAM TURPIS ADIPISCING LOREM, VITAE MATTIS NIBH LIGULA NEC SEM. DUIS ALIQUAM CONVALLIS NUNC. PROIN AT TURPIS A PEDE POSUERE NONUMMY. INTEGER NON VELIT. DONEC DIAM NEQUE, VESTIBULUM EGET, VULPUTATE UT, ULTRICES VEL, AUGUE. VESTIBULUM ANTE IPSUM PRIMIS IN FAUCIBUS ORCI LUCTUS ET ULTRICES POSUERE CUBILIA CURAE; DONEC PHARETRA, MAGNA VESTIBULUM ALIQUET ULTRICES, ERAT TORTOR SOLLICITUDIN MI, SIT AMET LOBORTIS SAPIEN SAPIEN NON MI."
14,11,Mercury,Cougar,1984,Green,Orange,219414,0,9124.23,32011.18,68824.037,"DUIS CONSEQUAT DUI NEC NISI VOLUTPAT ELEIFEND. DONEC UT DOLOR. MORBI VEL LECTUS IN QUAM FRINGILLA RHONCUS. MAURIS ENIM LEO, RHONCUS SED, VESTIBULUM SIT AMET, CURSUS ID, TURPIS. INTEGER ALIQUET, MASSA ID LOBORTIS CONVALLIS, TORTOR RISUS DAPIBUS AUGUE, VEL ACCUMSAN TELLUS NISI EU ORCI. MAURIS LACINIA SAPIEN QUIS LIBERO. NULLAM SIT AMET TURPIS ELEMENTUM LIGULA VEHICULA CONSEQUAT. MORBI A IPSUM. INTEGER A NIBH."
15,42,Pontiac,Firefly,1985,Turquoise,Orange,70512,3,7926.06,16887.31,36307.7165,"CURABITUR CONVALLIS. DUIS CONSEQUAT DUI NEC NISI VOLUTPAT ELEIFEND. DONEC UT DOLOR. MORBI VEL LECTUS IN QUAM FRINGILLA RHONCUS. MAURIS ENIM LEO, RHONCUS SED, VESTIBULUM SIT AMET, CURSUS ID, TURPIS. INTEGER ALIQUET, MASSA ID LOBORTIS CONVALLIS, TORTOR RISUS DAPIBUS AUGUE, VEL ACCUMSAN TELLUS NISI EU ORCI. MAURIS LACINIA SAPIEN QUIS LIBERO. NULLAM SIT AMET TURPIS ELEMENTUM LIGULA VEHICULA CONSEQUAT. MORBI A IPSUM."
16,93,Mazda,B-Series,1988,Green,Maroon,169411,2,4644.81,83843.5,180263.525,"DUIS BIBENDUM, FELIS SED INTERDUM VENENATIS, TURPIS ENIM BLANDIT MI, IN PORTTITOR PEDE JUSTO EU MASSA. DONEC DAPIBUS."
17,89,Chevrolet,G-Series 1500,1997,Red,Khaki,37242,1,9921.07,9930.42,21350.403,"NULLA AC ENIM. IN TEMPOR, TURPIS NEC EUISMOD SCELERISQUE, QUAM TURPIS ADIPISCING LOREM, VITAE MATTIS NIBH LIGULA NEC SEM. DUIS ALIQUAM CONVALLIS NUNC. PROIN AT TURPIS A PEDE POSUERE NONUMMY. INTEGER NON VELIT. DONEC DIAM NEQUE, VESTIBULUM EGET, VULPUTATE UT, ULTRICES VEL, AUGUE. VESTIBULUM ANTE IPSUM PRIMIS IN FAUCIBUS ORCI LUCTUS ET ULTRICES POSUERE CUBILIA CURAE; DONEC PHARETRA, MAGNA VESTIBULUM ALIQUET ULTRICES, ERAT TORTOR SOLLICITUDIN MI, SIT AMET LOBORTIS SAPIEN SAPIEN NON MI. INTEGER AC NEQUE."
18,10,Dodge,Ram 1500,2000,Indigo,Yellow,268627,3,6556.24,7744.77,16651.2555,"DUIS BIBENDUM, FELIS SED INTERDUM VENENATIS, TURPIS ENIM BLANDIT MI, IN PORTTITOR PEDE JUSTO EU MASSA. DONEC DAPIBUS. DUIS AT VELIT EU EST CONGUE ELEMENTUM. IN HAC HABITASSE PLATEA DICTUMST."
19,26,Eagle,Talon,1995,Violet,Indigo,164557,2,7967.03,63914.31,137415.7665,"VESTIBULUM ANTE IPSUM PRIMIS IN FAUCIBUS ORCI LUCTUS ET ULTRICES POSUERE CUBILIA CURAE; DUIS FAUCIBUS ACCUMSAN ODIO. CURABITUR CONVALLIS. DUIS CONSEQUAT DUI NEC NISI VOLUTPAT ELEIFEND. DONEC UT DOLOR. MORBI VEL LECTUS IN QUAM FRINGILLA RHONCUS. MAURIS ENIM LEO, RHONCUS SED, VESTIBULUM SIT AMET, CURSUS ID, TURPIS. INTEGER ALIQUET, MASSA ID LOBORTIS CONVALLIS, TORTOR RISUS DAPIBUS AUGUE, VEL ACCUMSAN TELLUS NISI EU ORCI."
20,,Acura,CL,2002,Aquamarine,Fuscia,209266,1,2082.25,69969.93,150435.3495,
21,,Acura,CL,2002,Aquamarine,Green,183951,0,9720.61,32317.04,69481.636,
22,,BMW,3 Series,1994,Goldenrod,Red,133623,0,562.82,32578.66,70044.119,
23,42,Pontiac,Bonneville,1993,Aquamarine,Purple,142372,2,6593.4,30549.76,65681.984,"NULLAM PORTTITOR LACUS AT TURPIS. DONEC POSUERE METUS VITAE IPSUM. ALIQUAM NON MAURIS. MORBI NON LECTUS. ALIQUAM SIT AMET DIAM IN MAGNA BIBENDUM IMPERDIET. NULLAM ORCI PEDE, VENENATIS NON, SODALES SED, TINCIDUNT EU, FELIS."
24,33,Acura,Integra,1994,Purple,Aquamarine,34534,1,8545.57,75589.38,162517.167,"DUIS MATTIS EGESTAS METUS. AENEAN FERMENTUM. DONEC UT MAURIS EGET MASSA TEMPOR CONVALLIS. NULLA NEQUE LIBERO, CONVALLIS EGET, ELEIFEND LUCTUS, ULTRICIES EU, NIBH. QUISQUE ID JUSTO SIT AMET SAPIEN DIGNISSIM VESTIBULUM. VESTIBULUM ANTE IPSUM PRIMIS IN FAUCIBUS ORCI LUCTUS ET ULTRICES POSUERE CUBILIA CURAE; NULLA DAPIBUS DOLOR VEL EST. DONEC ODIO JUSTO, SOLLICITUDIN UT, SUSCIPIT A, FEUGIAT ET, EROS. VESTIBULUM AC EST LACINIA NISI VENENATIS TRISTIQUE. FUSCE CONGUE, DIAM ID ORNARE IMPERDIET, SAPIEN URNA PRETIUM NISL, UT VOLUTPAT SAPIEN ARCU SED AUGUE."
25,33,Mazda,B-Series,2004,Puce,Purple,212328,3,3362.59,35440.56,76197.204,"PRAESENT BLANDIT. NAM NULLA. INTEGER PEDE JUSTO, LACINIA EGET, TINCIDUNT EGET, TEMPUS VEL, PEDE."
26,14,Ford,Ranger,2000,Yellow,Teal,222985,3,3292.84,24822.77,53368.9555,DONEC POSUERE METUS VITAE IPSUM. ALIQUAM NON MAURIS. MORBI NON LECTUS. ALIQUAM SIT AMET DIAM IN MAGNA BIBENDUM IMPERDIET.
27,,Acura,RL,2008,Orange,Maroon,107727,3,5811.79,64393.8,138446.67,
28,,Mazda,Mazda3,2006,Violet,Indigo,9418,0,119.95,21751.69,46766.1335,
29,46,Mitsubishi,Tredia,1987,Turquoise,Indigo,20294,1,7633.0,94524.31,203227.2665,"CRAS PELLENTESQUE VOLUTPAT DUI. MAECENAS TRISTIQUE, EST ET TEMPUS SEMPER, EST QUAM PHARETRA MAGNA, AC CONSEQUAT METUS SAPIEN UT NUNC."
30,37,Buick,Rendezvous,2006,Indigo,Purple,14279,3,8724.89,5309.53,11415.4895,AENEAN FERMENTUM. DONEC UT MAURIS EGET MASSA TEMPOR CONVALLIS.
31,99,Dodge,Ram 2500,1996,Khaki,Purple,11560,3,7321.71,85055.98,182870.357,"DONEC DIAM NEQUE, VESTIBULUM EGET, VULPUTATE UT, ULTRICES VEL, AUGUE. VESTIBULUM ANTE IPSUM PRIMIS IN FAUCIBUS ORCI LUCTUS ET ULTRICES POSUERE CUBILIA CURAE; DONEC PHARETRA, MAGNA VESTIBULUM ALIQUET ULTRICES, ERAT TORTOR SOLLICITUDIN MI, SIT AMET LOBORTIS SAPIEN SAPIEN NON MI. INTEGER AC NEQUE. DUIS BIBENDUM. MORBI NON QUAM NEC DUI LUCTUS RUTRUM. NULLA TELLUS. IN SAGITTIS DUI VEL NISL."
32,12,Porsche,928,1986,Blue,Goldenrod,50275,1,2174.03,88860.92,191050.978,"CURABITUR AT IPSUM AC TELLUS SEMPER INTERDUM. MAURIS ULLAMCORPER PURUS SIT AMET NULLA. QUISQUE ARCU LIBERO, RUTRUM AC, LOBORTIS VEL, DAPIBUS AT, DIAM. NAM TRISTIQUE TORTOR EU PEDE."
33,55,Chevrolet,3500,1997,Purple,Orange,169687,2,5457.05,28395.39,61050.0885,PRAESENT ID MASSA ID NISL VENENATIS LACINIA. AENEAN SIT AMET JUSTO.
34,50,Chevrolet,Camaro,2011,Red,Yellow,294135,1,3700.81,59316.55,127530.5825,"NULLA UT ERAT ID MAURIS VULPUTATE ELEMENTUM. NULLAM VARIUS. NULLA FACILISI. CRAS NON VELIT NEC NISI VULPUTATE NONUMMY. MAECENAS TINCIDUNT LACUS AT VELIT. VIVAMUS VEL NULLA EGET EROS ELEMENTUM PELLENTESQUE. QUISQUE PORTA VOLUTPAT ERAT. QUISQUE ERAT EROS, VIVERRA EGET, CONGUE EGET, SEMPER RUTRUM, NULLA. NUNC PURUS. PHASELLUS IN FELIS."
35,82,BMW,5 Series,1994,Turquoise,Green,82319,3,5111.94,29679.6,63811.14,"MORBI SEM MAURIS, LAOREET UT, RHONCUS ALIQUET, PULVINAR SED, NISL. NUNC RHONCUS DUI VEL SEM."
36,5,Pontiac,Fiero,1987,Goldenrod,Red,53511,3,3800.6,54836.49,117898.4535,NULLAM VARIUS. NULLA FACILISI. CRAS NON VELIT NEC NISI VULPUTATE NONUMMY. MAECENAS TINCIDUNT LACUS AT VELIT. VIVAMUS VEL NULLA EGET EROS ELEMENTUM PELLENTESQUE. QUISQUE PORTA VOLUTPAT ERAT.
37,21,Ford,Thunderbird,2002,Puce,Teal,45283,3,6202.96,19345.14,41592.051,"SED ANTE. VIVAMUS TORTOR. DUIS MATTIS EGESTAS METUS. AENEAN FERMENTUM. DONEC UT MAURIS EGET MASSA TEMPOR CONVALLIS. NULLA NEQUE LIBERO, CONVALLIS EGET, ELEIFEND LUCTUS, ULTRICIES EU, NIBH. QUISQUE ID JUSTO SIT AMET SAPIEN DIGNISSIM VESTIBULUM. VESTIBULUM ANTE IPSUM PRIMIS IN FAUCIBUS ORCI LUCTUS ET ULTRICES POSUERE CUBILIA CURAE; NULLA DAPIBUS DOLOR VEL EST. DONEC ODIO JUSTO, SOLLICITUDIN UT, SUSCIPIT A, FEUGIAT ET, EROS. VESTIBULUM AC EST LACINIA NISI VENENATIS TRISTIQUE."
38,50,Chevrolet,Astro,1992,Purple,Blue,239166,2,820.97,34524.37,74227.3955,"NAM CONGUE, RISUS SEMPER PORTA VOLUTPAT, QUAM PEDE LOBORTIS LIGULA, SIT AMET ELEIFEND PEDE LIBERO QUIS ORCI. NULLAM MOLESTIE NIBH IN LECTUS. PELLENTESQUE AT NULLA. SUSPENDISSE POTENTI."
39,,Toyota,Echo,2003,Khaki,Fuscia,65145,0,2147.45,67126.29,144321.5235,
40,34,Mercedes-Benz,500E,1993,Blue,Khaki,242223,0,6963.59,81559.81,175353.5915,"DUIS CONSEQUAT DUI NEC NISI VOLUTPAT ELEIFEND. DONEC UT DOLOR. MORBI VEL LECTUS IN QUAM FRINGILLA RHONCUS. MAURIS ENIM LEO, RHONCUS SED, VESTIBULUM SIT AMET, CURSUS ID, TURPIS. INTEGER ALIQUET, MASSA ID LOBORTIS CONVALLIS, TORTOR RISUS DAPIBUS AUGUE, VEL ACCUMSAN TELLUS NISI EU ORCI. MAURIS LACINIA SAPIEN QUIS LIBERO. NULLAM SIT AMET TURPIS ELEMENTUM LIGULA VEHICULA CONSEQUAT. MORBI A IPSUM. INTEGER A NIBH."
41,97,GMC,Yukon,1995,Goldenrod,Crimson,257801,1,7117.19,86598.41,186186.5815,"NAM ULTRICES, LIBERO NON MATTIS PULVINAR, NULLA PEDE ULLAMCORPER AUGUE, A SUSCIPIT NULLA ELIT AC NULLA. SED VEL ENIM SIT AMET NUNC VIVERRA DAPIBUS."
42,39,Mazda,RX-7,1987,Crimson,Indigo,255396,3,9965.47,20013.73,43029.5195,"MORBI VEL LECTUS IN QUAM FRINGILLA RHONCUS. MAURIS ENIM LEO, RHONCUS SED, VESTIBULUM SIT AMET, CURSUS ID, TURPIS. INTEGER ALIQUET, MASSA ID LOBORTIS CONVALLIS, TORTOR RISUS DAPIBUS AUGUE, VEL ACCUMSAN TELLUS NISI EU ORCI. MAURIS LACINIA SAPIEN QUIS LIBERO. NULLAM SIT AMET TURPIS ELEMENTUM LIGULA VEHICULA CONSEQUAT. MORBI A IPSUM. INTEGER A NIBH. IN QUIS JUSTO. MAECENAS RHONCUS ALIQUAM LACUS."
43,,Mazda,Protege,1993,Aquamarine,Mauv,206724,0,4779.84,23720.24,50998.516,
44,54,Porsche,Boxster,2010,Goldenrod,Crimson,156620,1,8672.19,11232.18,24149.187,"AENEAN SIT AMET JUSTO. MORBI UT ODIO. CRAS MI PEDE, MALESUADA IN, IMPERDIET ET, COMMODO VULPUTATE, JUSTO."
45,3,Infiniti,I,1997,Orange,Pink,131654,3,2685.46,10713.65,23034.3475,"QUISQUE UT ERAT. CURABITUR GRAVIDA NISI AT NIBH. IN HAC HABITASSE PLATEA DICTUMST. ALIQUAM AUGUE QUAM, SOLLICITUDIN VITAE, CONSECTETUER EGET, RUTRUM AT, LOREM. INTEGER TINCIDUNT ANTE VEL IPSUM. PRAESENT BLANDIT LACINIA ERAT. VESTIBULUM SED MAGNA AT NUNC COMMODO PLACERAT. PRAESENT BLANDIT. NAM NULLA. INTEGER PEDE JUSTO, LACINIA EGET, TINCIDUNT EGET, TEMPUS VEL, PEDE."
46,34,Ford,Escape,2004,Red,Orange,207409,1,271.54,91117.02,195901.593,"INTEGER TINCIDUNT ANTE VEL IPSUM. PRAESENT BLANDIT LACINIA ERAT. VESTIBULUM SED MAGNA AT NUNC COMMODO PLACERAT. PRAESENT BLANDIT. NAM NULLA. INTEGER PEDE JUSTO, LACINIA EGET, TINCIDUNT EGET, TEMPUS VEL, PEDE. MORBI PORTTITOR LOREM ID LIGULA."
47,23,Ford,Thunderbird,1983,Teal,Blue,115995,0,323.0,16376.41,35209.2815,"IN BLANDIT ULTRICES ENIM. LOREM IPSUM DOLOR SIT AMET, CONSECTETUER ADIPISCING ELIT. PROIN INTERDUM MAURIS NON LIGULA PELLENTESQUE ULTRICES. PHASELLUS ID SAPIEN IN SAPIEN IACULIS CONGUE. VIVAMUS METUS ARCU, ADIPISCING MOLESTIE, HENDRERIT AT, VULPUTATE VITAE, NISL. AENEAN LECTUS."
48,2,Acura,NSX,1994,Green,Mauv,215446,1,938.47,39389.68,84687.812,"CRAS NON VELIT NEC NISI VULPUTATE NONUMMY. MAECENAS TINCIDUNT LACUS AT VELIT. VIVAMUS VEL NULLA EGET EROS ELEMENTUM PELLENTESQUE. QUISQUE PORTA VOLUTPAT ERAT. QUISQUE ERAT EROS, VIVERRA EGET, CONGUE EGET, SEMPER RUTRUM, NULLA. NUNC PURUS. PHASELLUS IN FELIS. DONEC SEMPER SAPIEN A LIBERO."
49,15,Chevrolet,G-Series 2500,1996,Red,Teal,73124,1,8956.14,60469.16,130008.694,"DONEC DIAM NEQUE, VESTIBULUM EGET, VULPUTATE UT, ULTRICES VEL, AUGUE. VESTIBULUM ANTE IPSUM PRIMIS IN FAUCIBUS ORCI LUCTUS ET ULTRICES POSUERE CUBILIA CURAE; DONEC PHARETRA, MAGNA VESTIBULUM ALIQUET ULTRICES, ERAT TORTOR SOLLICITUDIN MI, SIT AMET LOBORTIS SAPIEN SAPIEN NON MI."
50,6,Isuzu,Hombre,2000,Indigo,Teal,96102,3,3935.74,92441.49,198749.2035,"MORBI NON LECTUS. ALIQUAM SIT AMET DIAM IN MAGNA BIBENDUM IMPERDIET. NULLAM ORCI PEDE, VENENATIS NON, SODALES SED, TINCIDUNT EU, FELIS. FUSCE POSUERE FELIS SED LACUS."
51,71,Volvo,240,1992,Goldenrod,Purple,240716,2,8327.89,18321.56,39391.354,"LOREM IPSUM DOLOR SIT AMET, CONSECTETUER ADIPISCING ELIT. PROIN INTERDUM MAURIS NON LIGULA PELLENTESQUE ULTRICES. PHASELLUS ID SAPIEN IN SAPIEN IACULIS CONGUE. VIVAMUS METUS ARCU, ADIPISCING MOLESTIE, HENDRERIT AT, VULPUTATE VITAE, NISL. AENEAN LECTUS. PELLENTESQUE EGET NUNC. DONEC QUIS ORCI EGET ORCI VEHICULA CONDIMENTUM."
52,,Land Rover,Range Rover Sport,2009,Pink,Purple,100342,3,9886.36,71333.55,153367.1325,
53,42,McLaren,MP4-12C,2012,Goldenrod,Fuscia,6008,0,3306.85,84420.39,181503.8385,"MORBI VEL LECTUS IN QUAM FRINGILLA RHONCUS. MAURIS ENIM LEO, RHONCUS SED, VESTIBULUM SIT AMET, CURSUS ID, TURPIS. INTEGER ALIQUET, MASSA ID LOBORTIS CONVALLIS, TORTOR RISUS DAPIBUS AUGUE, VEL ACCUMSAN TELLUS NISI EU ORCI. MAURIS LACINIA SAPIEN QUIS LIBERO. NULLAM SIT AMET TURPIS ELEMENTUM LIGULA VEHICULA CONSEQUAT."
54,1,Honda,Odyssey,1996,Maroon,Violet,262220,3,8703.35,38479.73,82731.4195,"DONEC QUIS ORCI EGET ORCI VEHICULA CONDIMENTUM. CURABITUR IN LIBERO UT MASSA VOLUTPAT CONVALLIS. MORBI ODIO ODIO, ELEMENTUM EU, INTERDUM EU, TINCIDUNT IN, LEO. MAECENAS PULVINAR LOBORTIS EST. PHASELLUS SIT AMET ERAT. NULLA TEMPUS. VIVAMUS IN FELIS EU SAPIEN CURSUS VESTIBULUM. PROIN EU MI."
55,60,Bentley,Mulsanne,2012,Turquoise,Maroon,124318,1,2673.78,61298.63,131792.0545,SED ANTE. VIVAMUS TORTOR. DUIS MATTIS EGESTAS METUS.
56,,Lotus,Esprit,1992,Teal,Fuscia,69476,1,6375.81,20300.3,43645.645,
57,,Oldsmobile,Achieva,1998,Puce,Teal,258138,2,1495.0,24862.77,53454.9555,
58,45,Audi,S8,2006,Violet,Pink,160904,2,1169.21,52728.44,113366.146,"VIVAMUS TORTOR. DUIS MATTIS EGESTAS METUS. AENEAN FERMENTUM. DONEC UT MAURIS EGET MASSA TEMPOR CONVALLIS. NULLA NEQUE LIBERO, CONVALLIS EGET, ELEIFEND LUCTUS, ULTRICIES EU, NIBH."
59,30,Buick,Park Avenue,1993,Red,Fuscia,121288,3,2037.83,55591.26,119521.209,"MORBI NON LECTUS. ALIQUAM SIT AMET DIAM IN MAGNA BIBENDUM IMPERDIET. NULLAM ORCI PEDE, VENENATIS NON, SODALES SED, TINCIDUNT EU, FELIS. FUSCE POSUERE FELIS SED LACUS. MORBI SEM MAURIS, LAOREET UT, RHONCUS ALIQUET, PULVINAR SED, NISL. NUNC RHONCUS DUI VEL SEM."
60,64,Toyota,Tundra,2004,Violet,Red,130182,0,6356.98,6204.46,13339.589,"MAECENAS UT MASSA QUIS AUGUE LUCTUS TINCIDUNT. NULLA MOLLIS MOLESTIE LOREM. QUISQUE UT ERAT. CURABITUR GRAVIDA NISI AT NIBH. IN HAC HABITASSE PLATEA DICTUMST. ALIQUAM AUGUE QUAM, SOLLICITUDIN VITAE, CONSECTETUER EGET, RUTRUM AT, LOREM. INTEGER TINCIDUNT ANTE VEL IPSUM. PRAESENT BLANDIT LACINIA ERAT. VESTIBULUM SED MAGNA AT NUNC COMMODO PLACERAT. PRAESENT BLANDIT."
61,22,Honda,Odyssey,2012,Orange,Pink,195365,3,7930.57,39628.05,85200.3075,"IN HAC HABITASSE PLATEA DICTUMST. MORBI VESTIBULUM, VELIT ID PRETIUM IACULIS, DIAM ERAT FERMENTUM JUSTO, NEC CONDIMENTUM NEQUE SAPIEN PLACERAT ANTE. NULLA JUSTO. ALIQUAM QUIS TURPIS EGET ELIT SODALES SCELERISQUE. MAURIS SIT AMET EROS. SUSPENDISSE ACCUMSAN TORTOR QUIS TURPIS. SED ANTE. VIVAMUS TORTOR. DUIS MATTIS EGESTAS METUS."
62,58,Chevrolet,Suburban 1500,2011,Violet,Turquoise,67129,2,1039.73,51364.77,110434.2555,"MORBI ODIO ODIO, ELEMENTUM EU, INTERDUM EU, TINCIDUNT IN, LEO. MAECENAS PULVINAR LOBORTIS EST. PHASELLUS SIT AMET ERAT. NULLA TEMPUS."
63,,Lexus,IS,2002,Crimson,Crimson,154350,2,1710.94,28159.92,60543.828,
64,,Mitsubishi,Pajero,1994,Teal,Orange,1933,1,4033.91,8651.82,18601.413,
65,48,Hyundai,Accent,2011,Turquoise,Mauv,215115,0,4636.76,97561.18,209756.537,MAECENAS PULVINAR LOBORTIS EST. PHASELLUS SIT AMET ERAT. NULLA TEMPUS. VIVAMUS IN FELIS EU SAPIEN CURSUS VESTIBULUM. PROIN EU MI. NULLA AC ENIM.
66,,Dodge,Grand Caravan,2000,Purple,Blue,168150,0,5462.52,16797.31,36114.2165,
67,79,Mazda,Mazda5,2010,Maroon,Crimson,95938,2,7720.21,86497.08,185968.722,"PROIN EU MI. NULLA AC ENIM. IN TEMPOR, TURPIS NEC EUISMOD SCELERISQUE, QUAM TURPIS ADIPISCING LOREM, VITAE MATTIS NIBH LIGULA NEC SEM. DUIS ALIQUAM CONVALLIS NUNC. PROIN AT TURPIS A PEDE POSUERE NONUMMY. INTEGER NON VELIT."
68,27,Hummer,H1,2004,Green,Fuscia,243190,2,4050.39,22367.49,48090.1035,SUSPENDISSE ACCUMSAN TORTOR QUIS TURPIS. SED ANTE.
69,,Toyota,Camry,2001,Goldenrod,Goldenrod,159651,0,2103.48,6956.19,14955.8085,
70,97,Land Rover,LR4,2010,Puce,Khaki,213832,1,9030.67,26214.41,56360.9815,"DUIS AT VELIT EU EST CONGUE ELEMENTUM. IN HAC HABITASSE PLATEA DICTUMST. MORBI VESTIBULUM, VELIT ID PRETIUM IACULIS, DIAM ERAT FERMENTUM JUSTO, NEC CONDIMENTUM NEQUE SAPIEN PLACERAT ANTE. NULLA JUSTO. ALIQUAM QUIS TURPIS EGET ELIT SODALES SCELERISQUE. MAURIS SIT AMET EROS. SUSPENDISSE ACCUMSAN TORTOR QUIS TURPIS. SED ANTE. VIVAMUS TORTOR."
71,44,Hyundai,Azera,2008,Blue,Mauv,185127,1,7151.06,76382.87,164223.1705,"SED ANTE. VIVAMUS TORTOR. DUIS MATTIS EGESTAS METUS. AENEAN FERMENTUM. DONEC UT MAURIS EGET MASSA TEMPOR CONVALLIS. NULLA NEQUE LIBERO, CONVALLIS EGET, ELEIFEND LUCTUS, ULTRICIES EU, NIBH. QUISQUE ID JUSTO SIT AMET SAPIEN DIGNISSIM VESTIBULUM. VESTIBULUM ANTE IPSUM PRIMIS IN FAUCIBUS ORCI LUCTUS ET ULTRICES POSUERE CUBILIA CURAE; NULLA DAPIBUS DOLOR VEL EST."
72,20,Buick,Regal,1997,Blue,Aquamarine,252332,2,7651.32,91347.13,196396.3295,"MAECENAS RHONCUS ALIQUAM LACUS. MORBI QUIS TORTOR ID NULLA ULTRICES ALIQUET. MAECENAS LEO ODIO, CONDIMENTUM ID, LUCTUS NEC, MOLESTIE SED, JUSTO. PELLENTESQUE VIVERRA PEDE AC DIAM. CRAS PELLENTESQUE VOLUTPAT DUI. MAECENAS TRISTIQUE, EST ET TEMPUS SEMPER, EST QUAM PHARETRA MAGNA, AC CONSEQUAT METUS SAPIEN UT NUNC. VESTIBULUM ANTE IPSUM PRIMIS IN FAUCIBUS ORCI LUCTUS ET ULTRICES POSUERE CUBILIA CURAE; MAURIS VIVERRA DIAM VITAE QUAM. SUSPENDISSE POTENTI. NULLAM PORTTITOR LACUS AT TURPIS."
73,69,Rolls-Royce,Phantom,2012,Teal,Maroon,95853,3,7401.7,42729.79,91869.0485,"FUSCE CONGUE, DIAM ID ORNARE IMPERDIET, SAPIEN URNA PRETIUM NISL, UT VOLUTPAT SAPIEN ARCU SED AUGUE. ALIQUAM ERAT VOLUTPAT. IN CONGUE. ETIAM JUSTO. ETIAM PRETIUM IACULIS JUSTO. IN HAC HABITASSE PLATEA DICTUMST. ETIAM FAUCIBUS CURSUS URNA. UT TELLUS. NULLA UT ERAT ID MAURIS VULPUTATE ELEMENTUM."
74,48,Pontiac,Vibe,2006,Red,Maroon,234722,3,7081.54,72203.37,155237.2455,"QUISQUE ERAT EROS, VIVERRA EGET, CONGUE EGET, SEMPER RUTRUM, NULLA. NUNC PURUS."
75,44,Chevrolet,Corvette,1962,Indigo,Purple,139623,3,6065.52,64691.87,139087.5205,IN CONGUE. ETIAM JUSTO. ETIAM PRETIUM IACULIS JUSTO. IN HAC HABITASSE PLATEA DICTUMST. ETIAM FAUCIBUS CURSUS URNA.
76,46,Aston Martin,Vantage,2010,Mauv,Violet,124871,2,9247.89,49087.11,105537.2865,ETIAM PRETIUM IACULIS JUSTO. IN HAC HABITASSE PLATEA DICTUMST. ETIAM FAUCIBUS CURSUS URNA. UT TELLUS. NULLA UT ERAT ID MAURIS VULPUTATE ELEMENTUM. NULLAM VARIUS. NULLA FACILISI. CRAS NON VELIT NEC NISI VULPUTATE NONUMMY.
77,86,Subaru,Tribeca,2011,Indigo,Green,116612,3,1010.06,37899.09,81483.0435,"CRAS MI PEDE, MALESUADA IN, IMPERDIET ET, COMMODO VULPUTATE, JUSTO. IN BLANDIT ULTRICES ENIM. LOREM IPSUM DOLOR SIT AMET, CONSECTETUER ADIPISCING ELIT."
78,3,BMW,Z8,2000,Teal,Red,69838,1,9942.25,32086.93,68986.8995,"MORBI ODIO ODIO, ELEMENTUM EU, INTERDUM EU, TINCIDUNT IN, LEO. MAECENAS PULVINAR LOBORTIS EST. PHASELLUS SIT AMET ERAT. NULLA TEMPUS. VIVAMUS IN FELIS EU SAPIEN CURSUS VESTIBULUM. PROIN EU MI. NULLA AC ENIM. IN TEMPOR, TURPIS NEC EUISMOD SCELERISQUE, QUAM TURPIS ADIPISCING LOREM, VITAE MATTIS NIBH LIGULA NEC SEM. DUIS ALIQUAM CONVALLIS NUNC. PROIN AT TURPIS A PEDE POSUERE NONUMMY."
79,46,Oldsmobile,Cutlass Supreme,1995,Fuscia,Red,114356,1,347.27,81822.28,175917.902,"INTEGER NON VELIT. DONEC DIAM NEQUE, VESTIBULUM EGET, VULPUTATE UT, ULTRICES VEL, AUGUE. VESTIBULUM ANTE IPSUM PRIMIS IN FAUCIBUS ORCI LUCTUS ET ULTRICES POSUERE CUBILIA CURAE; DONEC PHARETRA, MAGNA VESTIBULUM ALIQUET ULTRICES, ERAT TORTOR SOLLICITUDIN MI, SIT AMET LOBORTIS SAPIEN SAPIEN NON MI. INTEGER AC NEQUE. DUIS BIBENDUM. MORBI NON QUAM NEC DUI LUCTUS RUTRUM. NULLA TELLUS."
80,31,Volkswagen,GTI,1992,Aquamarine,Violet,219734,2,5911.28,64831.48,139387.682,"MORBI ODIO ODIO, ELEMENTUM EU, INTERDUM EU, TINCIDUNT IN, LEO. MAECENAS PULVINAR LOBORTIS EST. PHASELLUS SIT AMET ERAT. NULLA TEMPUS. VIVAMUS IN FELIS EU SAPIEN CURSUS VESTIBULUM. PROIN EU MI. NULLA AC ENIM. IN TEMPOR, TURPIS NEC EUISMOD SCELERISQUE, QUAM TURPIS ADIPISCING LOREM, VITAE MATTIS NIBH LIGULA NEC SEM. DUIS ALIQUAM CONVALLIS NUNC."
81,42,Audi,Q7,2009,Aquamarine,Violet,121304,1,7277.4,90758.25,195130.2375,VESTIBULUM ANTE IPSUM PRIMIS IN FAUCIBUS ORCI LUCTUS ET ULTRICES POSUERE CUBILIA CURAE; DUIS FAUCIBUS ACCUMSAN ODIO. CURABITUR CONVALLIS.
82,79,Chevrolet,Suburban 1500,2002,Crimson,Aquamarine,69094,2,9182.59,24026.52,51657.018,VESTIBULUM ANTE IPSUM PRIMIS IN FAUCIBUS ORCI LUCTUS ET ULTRICES POSUERE CUBILIA CURAE; DUIS FAUCIBUS ACCUMSAN ODIO. CURABITUR CONVALLIS. DUIS CONSEQUAT DUI NEC NISI VOLUTPAT ELEIFEND.
83,56,Suzuki,XL7,2008,Puce,Orange,138204,2,1830.06,13460.86,28940.849,"VIVAMUS VEL NULLA EGET EROS ELEMENTUM PELLENTESQUE. QUISQUE PORTA VOLUTPAT ERAT. QUISQUE ERAT EROS, VIVERRA EGET, CONGUE EGET, SEMPER RUTRUM, NULLA. NUNC PURUS. PHASELLUS IN FELIS. DONEC SEMPER SAPIEN A LIBERO. NAM DUI. PROIN LEO ODIO, PORTTITOR ID, CONSEQUAT IN, CONSEQUAT UT, NULLA."
84,57,Hyundai,Azera,2006,Green,Orange,102664,0,8075.05,25664.47,55178.6105,"DONEC DAPIBUS. DUIS AT VELIT EU EST CONGUE ELEMENTUM. IN HAC HABITASSE PLATEA DICTUMST. MORBI VESTIBULUM, VELIT ID PRETIUM IACULIS, DIAM ERAT FERMENTUM JUSTO, NEC CONDIMENTUM NEQUE SAPIEN PLACERAT ANTE."
85,,Pontiac,6000,1983,Goldenrod,Maroon,165161,3,8696.08,91662.91,197075.2565,
86,,Mazda,Mazda3,2009,Indigo,Pink,147045,2,8174.36,85330.12,183459.758,
87,95,Dodge,Avenger,1998,Orange,Maroon,252911,1,9561.78,15995.87,34391.1205,"CURABITUR AT IPSUM AC TELLUS SEMPER INTERDUM. MAURIS ULLAMCORPER PURUS SIT AMET NULLA. QUISQUE ARCU LIBERO, RUTRUM AC, LOBORTIS VEL, DAPIBUS AT, DIAM. NAM TRISTIQUE TORTOR EU PEDE."
88,59,Lotus,Esprit,1996,Fuscia,Pink,281506,0,3961.53,86718.19,186444.1085,"NULLA AC ENIM. IN TEMPOR, TURPIS NEC EUISMOD SCELERISQUE, QUAM TURPIS ADIPISCING LOREM, VITAE MATTIS NIBH LIGULA NEC SEM."
89,69,Mitsubishi,Cordia,1984,Puce,Puce,237185,2,6825.69,57294.15,123182.4225,"VESTIBULUM AC EST LACINIA NISI VENENATIS TRISTIQUE. FUSCE CONGUE, DIAM ID ORNARE IMPERDIET, SAPIEN URNA PRETIUM NISL, UT VOLUTPAT SAPIEN ARCU SED AUGUE. ALIQUAM ERAT VOLUTPAT."
90,15,Maserati,Biturbo,1984,Teal,Mauv,45196,3,8661.53,56664.92,121829.578,"NULLA MOLLIS MOLESTIE LOREM. QUISQUE UT ERAT. CURABITUR GRAVIDA NISI AT NIBH. IN HAC HABITASSE PLATEA DICTUMST. ALIQUAM AUGUE QUAM, SOLLICITUDIN VITAE, CONSECTETUER EGET, RUTRUM AT, LOREM. INTEGER TINCIDUNT ANTE VEL IPSUM."
91,57,GMC,Canyon,2012,Maroon,Yellow,105575,2,4396.71,73848.87,158775.0705,"DONEC POSUERE METUS VITAE IPSUM. ALIQUAM NON MAURIS. MORBI NON LECTUS. ALIQUAM SIT AMET DIAM IN MAGNA BIBENDUM IMPERDIET. NULLAM ORCI PEDE, VENENATIS NON, SODALES SED, TINCIDUNT EU, FELIS. FUSCE POSUERE FELIS SED LACUS. MORBI SEM MAURIS, LAOREET UT, RHONCUS ALIQUET, PULVINAR SED, NISL. NUNC RHONCUS DUI VEL SEM. SED SAGITTIS."
92,89,Mitsubishi,Mirage,1995,Violet,Khaki,287705,2,438.61,39146.08,84164.072,"DONEC POSUERE METUS VITAE IPSUM. ALIQUAM NON MAURIS. MORBI NON LECTUS. ALIQUAM SIT AMET DIAM IN MAGNA BIBENDUM IMPERDIET. NULLAM ORCI PEDE, VENENATIS NON, SODALES SED, TINCIDUNT EU, FELIS. FUSCE POSUERE FELIS SED LACUS. MORBI SEM MAURIS, LAOREET UT, RHONCUS ALIQUET, PULVINAR SED, NISL."
93,,Lotus,Exige,2007,Indigo,Fuscia,191453,2,5749.4,62294.25,133932.6375,
94,19,Plymouth,Voyager,1999,Teal,Mauv,120046,1,8204.67,57227.49,123039.1035,"PELLENTESQUE AT NULLA. SUSPENDISSE POTENTI. CRAS IN PURUS EU MAGNA VULPUTATE LUCTUS. CUM SOCIIS NATOQUE PENATIBUS ET MAGNIS DIS PARTURIENT MONTES, NASCETUR RIDICULUS MUS. VIVAMUS VESTIBULUM SAGITTIS SAPIEN. CUM SOCIIS NATOQUE PENATIBUS ET MAGNIS DIS PARTURIENT MONTES, NASCETUR RIDICULUS MUS."
95,87,Cadillac,Escalade,2000,Violet,Puce,152822,2,9895.81,40871.87,87874.5205,"NULLAM PORTTITOR LACUS AT TURPIS. DONEC POSUERE METUS VITAE IPSUM. ALIQUAM NON MAURIS. MORBI NON LECTUS. ALIQUAM SIT AMET DIAM IN MAGNA BIBENDUM IMPERDIET. NULLAM ORCI PEDE, VENENATIS NON, SODALES SED, TINCIDUNT EU, FELIS. FUSCE POSUERE FELIS SED LACUS. MORBI SEM MAURIS, LAOREET UT, RHONCUS ALIQUET, PULVINAR SED, NISL."
96,49,Toyota,T100 Xtra,1996,Purple,Purple,127594,3,5991.15,74975.95,161198.2925,"MAECENAS TRISTIQUE, EST ET TEMPUS SEMPER, EST QUAM PHARETRA MAGNA, AC CONSEQUAT METUS SAPIEN UT NUNC. VESTIBULUM ANTE IPSUM PRIMIS IN FAUCIBUS ORCI LUCTUS ET ULTRICES POSUERE CUBILIA CURAE; MAURIS VIVERRA DIAM VITAE QUAM. SUSPENDISSE POTENTI. NULLAM PORTTITOR LACUS AT TURPIS. DONEC POSUERE METUS VITAE IPSUM."
97,29,Infiniti,JX,2013,Orange,Mauv,166686,3,9213.47,43277.74,93047.141,PRAESENT BLANDIT LACINIA ERAT. VESTIBULUM SED MAGNA AT NUNC COMMODO PLACERAT. PRAESENT BLANDIT. NAM NULLA.
98,78,Audi,A8,2003,Orange,Aquamarine,254009,0,7114.73,21825.69,46925.2335,"MAECENAS PULVINAR LOBORTIS EST. PHASELLUS SIT AMET ERAT. NULLA TEMPUS. VIVAMUS IN FELIS EU SAPIEN CURSUS VESTIBULUM. PROIN EU MI. NULLA AC ENIM. IN TEMPOR, TURPIS NEC EUISMOD SCELERISQUE, QUAM TURPIS ADIPISCING LOREM, VITAE MATTIS NIBH LIGULA NEC SEM. DUIS ALIQUAM CONVALLIS NUNC. PROIN AT TURPIS A PEDE POSUERE NONUMMY. INTEGER NON VELIT."
99,7,Chevrolet,Sportvan G20,1993,Red,Khaki,181177,2,8812.83,8080.42,17372.903,"MORBI ODIO ODIO, ELEMENTUM EU, INTERDUM EU, TINCIDUNT IN, LEO. MAECENAS PULVINAR LOBORTIS EST. PHASELLUS SIT AMET ERAT. NULLA TEMPUS. VIVAMUS IN FELIS EU SAPIEN CURSUS VESTIBULUM."
100,,Ford,Freestar,2003,Goldenrod,Green,109809,2,2098.54,81149.03,174470.4145,
101,69,Pontiac,Daewoo Kalos,2005,Violet,Crimson,36415,3,2189.47,47551.11,102234.8865,"MORBI VESTIBULUM, VELIT ID PRETIUM IACULIS, DIAM ERAT FERMENTUM JUSTO, NEC CONDIMENTUM NEQUE SAPIEN PLACERAT ANTE. NULLA JUSTO. ALIQUAM QUIS TURPIS EGET ELIT SODALES SCELERISQUE."
102,55,Ford,Explorer Sport Trac,2002,Violet,Turquoise,139737,2,4329.5,34111.91,73340.6065,"CRAS PELLENTESQUE VOLUTPAT DUI. MAECENAS TRISTIQUE, EST ET TEMPUS SEMPER, EST QUAM PHARETRA MAGNA, AC CONSEQUAT METUS SAPIEN UT NUNC. VESTIBULUM ANTE IPSUM PRIMIS IN FAUCIBUS ORCI LUCTUS ET ULTRICES POSUERE CUBILIA CURAE; MAURIS VIVERRA DIAM VITAE QUAM. SUSPENDISSE POTENTI. NULLAM PORTTITOR LACUS AT TURPIS. DONEC POSUERE METUS VITAE IPSUM. ALIQUAM NON MAURIS."
103,52,Toyota,Solara,2001,Purple,Fuscia,144820,3,227.42,74524.05,160226.7075,"MAECENAS TRISTIQUE, EST ET TEMPUS SEMPER, EST QUAM PHARETRA MAGNA, AC CONSEQUAT METUS SAPIEN UT NUNC. VESTIBULUM ANTE IPSUM PRIMIS IN FAUCIBUS ORCI LUCTUS ET ULTRICES POSUERE CUBILIA CURAE; MAURIS VIVERRA DIAM VITAE QUAM. SUSPENDISSE POTENTI. NULLAM PORTTITOR LACUS AT TURPIS. DONEC POSUERE METUS VITAE IPSUM. ALIQUAM NON MAURIS."
104,,Mitsubishi,Pajero,2001,Crimson,Green,35757,3,7764.88,60098.99,129212.8285,
105,29,Volkswagen,Golf,1984,Blue,Yellow,88889,0,8637.36,90888.62,195410.533,"MAURIS ULLAMCORPER PURUS SIT AMET NULLA. QUISQUE ARCU LIBERO, RUTRUM AC, LOBORTIS VEL, DAPIBUS AT, DIAM. NAM TRISTIQUE TORTOR EU PEDE."
106,,Subaru,Legacy,1995,Puce,Orange,151837,2,5321.98,60050.66,129108.919,
107,62,GMC,Sonoma,2000,Yellow,Blue,120033,2,7393.36,64513.23,138703.4445,"INTEGER AC LEO. PELLENTESQUE ULTRICES MATTIS ODIO. DONEC VITAE NISI. NAM ULTRICES, LIBERO NON MATTIS PULVINAR, NULLA PEDE ULLAMCORPER AUGUE, A SUSCIPIT NULLA ELIT AC NULLA. SED VEL ENIM SIT AMET NUNC VIVERRA DAPIBUS. NULLA SUSCIPIT LIGULA IN LACUS. CURABITUR AT IPSUM AC TELLUS SEMPER INTERDUM."
108,48,Mercury,Mariner,2009,Maroon,Yellow,26547,0,3512.45,81739.76,175740.484,NULLA TELLUS. IN SAGITTIS DUI VEL NISL.
109,,Acura,NSX,2001,Aquamarine,Purple,251361,1,9719.39,55709.8,119776.07,
110,,Suzuki,Aerio,2006,Maroon,Goldenrod,231327,1,3069.71,40272.74,86586.391,
111,2,Dodge,Caravan,1998,Crimson,Purple,83004,2,6444.9,9945.43,21382.6745,"PELLENTESQUE AT NULLA. SUSPENDISSE POTENTI. CRAS IN PURUS EU MAGNA VULPUTATE LUCTUS. CUM SOCIIS NATOQUE PENATIBUS ET MAGNIS DIS PARTURIENT MONTES, NASCETUR RIDICULUS MUS. VIVAMUS VESTIBULUM SAGITTIS SAPIEN. CUM SOCIIS NATOQUE PENATIBUS ET MAGNIS DIS PARTURIENT MONTES, NASCETUR RIDICULUS MUS. ETIAM VEL AUGUE. VESTIBULUM RUTRUM RUTRUM NEQUE."
112,14,Chevrolet,Express 3500,1999,Green,Green,133740,1,4536.42,76564.3,164613.245,"NAM DUI. PROIN LEO ODIO, PORTTITOR ID, CONSEQUAT IN, CONSEQUAT UT, NULLA. SED ACCUMSAN FELIS. UT AT DOLOR QUIS ODIO CONSEQUAT VARIUS. INTEGER AC LEO. PELLENTESQUE ULTRICES MATTIS ODIO."
113,10,Pontiac,Sunfire,2001,Yellow,Violet,219245,2,4720.13,80269.45,172579.3175,SUSPENDISSE POTENTI. IN ELEIFEND QUAM A ODIO. IN HAC HABITASSE PLATEA DICTUMST. MAECENAS UT MASSA QUIS AUGUE LUCTUS TINCIDUNT. NULLA MOLLIS MOLESTIE LOREM. QUISQUE UT ERAT. CURABITUR GRAVIDA NISI AT NIBH.
114,1,Jeep,Cherokee,1994,Blue,Orange,119123,1,6754.32,35525.49,76379.8035,"IN HAC HABITASSE PLATEA DICTUMST. ALIQUAM AUGUE QUAM, SOLLICITUDIN VITAE, CONSECTETUER EGET, RUTRUM AT, LOREM. INTEGER TINCIDUNT ANTE VEL IPSUM. PRAESENT BLANDIT LACINIA ERAT. VESTIBULUM SED MAGNA AT NUNC COMMODO PLACERAT. PRAESENT BLANDIT. NAM NULLA. INTEGER PEDE JUSTO, LACINIA EGET, TINCIDUNT EGET, TEMPUS VEL, PEDE."
115,24,Ford,E150,2008,Teal,Blue,163725,3,8871.71,87819.83,188812.6345,"MAURIS ULLAMCORPER PURUS SIT AMET NULLA. QUISQUE ARCU LIBERO, RUTRUM AC, LOBORTIS VEL, DAPIBUS AT, DIAM. NAM TRISTIQUE TORTOR EU PEDE."
116,85,Kia,Rondo,2009,Khaki,Crimson,46087,2,6688.57,84017.66,180637.969,"IN HAC HABITASSE PLATEA DICTUMST. MORBI VESTIBULUM, VELIT ID PRETIUM IACULIS, DIAM ERAT FERMENTUM JUSTO, NEC CONDIMENTUM NEQUE SAPIEN PLACERAT ANTE. NULLA JUSTO. ALIQUAM QUIS TURPIS EGET ELIT SODALES SCELERISQUE. MAURIS SIT AMET EROS. SUSPENDISSE ACCUMSAN TORTOR QUIS TURPIS. SED ANTE. VIVAMUS TORTOR. DUIS MATTIS EGESTAS METUS. AENEAN FERMENTUM."
117,,Mercedes-Benz,CLK-Class,2008,Khaki,Maroon,235216,2,5641.42,93162.04,200298.386,
118,,Suzuki,Esteem,1995,Orange,Aquamarine,286710,3,1832.41,76912.93,165362.7995,
119,,GMC,Canyon,2008,Crimson,Yellow,195868,0,2179.49,38482.55,82737.4825,
120,12,Saab,9000,1995,Blue,Turquoise,146382,1,1263.14,43716.12,93989.658,"IN EST RISUS, AUCTOR SED, TRISTIQUE IN, TEMPUS SIT AMET, SEM. FUSCE CONSEQUAT. NULLA NISL. NUNC NISL."
121,,Dodge,Caravan,2006,Crimson,Turquoise,223567,2,7691.09,36104.28,77624.202,
122,,Chevrolet,Impala,2006,Khaki,Fuscia,121307,0,6763.42,96465.14,207400.051,
123,,Mercedes-Benz,SLS-Class,2011,Fuscia,Khaki,185043,3,9966.2,36711.97,78930.7355,
124,94,Toyota,Camry,1992,Purple,Indigo,185314,2,966.26,26658.43,57315.6245,NULLA UT ERAT ID MAURIS VULPUTATE ELEMENTUM. NULLAM VARIUS. NULLA FACILISI.
125,32,Dodge,Charger,2007,Red,Puce,276907,0,1451.28,84194.27,181017.6805,AENEAN AUCTOR GRAVIDA SEM. PRAESENT ID MASSA ID NISL VENENATIS LACINIA. AENEAN SIT AMET JUSTO.
126,,Chevrolet,Camaro,1972,Puce,Mauv,290881,3,7095.41,84340.25,181331.5375,
127,34,Ford,Explorer,2011,Violet,Khaki,128682,3,4553.03,84750.97,182214.5855,MAECENAS PULVINAR LOBORTIS EST. PHASELLUS SIT AMET ERAT. NULLA TEMPUS. VIVAMUS IN FELIS EU SAPIEN CURSUS VESTIBULUM.
128,33,Subaru,Justy,1987,Teal,Pink,45676,0,9414.66,17741.53,38144.2895,"DONEC SEMPER SAPIEN A LIBERO. NAM DUI. PROIN LEO ODIO, PORTTITOR ID, CONSEQUAT IN, CONSEQUAT UT, NULLA. SED ACCUMSAN FELIS. UT AT DOLOR QUIS ODIO CONSEQUAT VARIUS. INTEGER AC LEO. PELLENTESQUE ULTRICES MATTIS ODIO."
129,66,GMC,Safari,2005,Aquamarine,Violet,136151,0,6766.74,27869.38,59919.167,"ALIQUAM SIT AMET DIAM IN MAGNA BIBENDUM IMPERDIET. NULLAM ORCI PEDE, VENENATIS NON, SODALES SED, TINCIDUNT EU, FELIS."
130,,Acura,RL,2003,Teal,Turquoise,180811,3,2853.33,28535.3,61350.895,
131,38,Volkswagen,Cabriolet,1986,Indigo,Orange,128456,1,4653.26,25343.71,54488.9765,"MAURIS ENIM LEO, RHONCUS SED, VESTIBULUM SIT AMET, CURSUS ID, TURPIS. INTEGER ALIQUET, MASSA ID LOBORTIS CONVALLIS, TORTOR RISUS DAPIBUS AUGUE, VEL ACCUMSAN TELLUS NISI EU ORCI. MAURIS LACINIA SAPIEN QUIS LIBERO. NULLAM SIT AMET TURPIS ELEMENTUM LIGULA VEHICULA CONSEQUAT. MORBI A IPSUM. INTEGER A NIBH. IN QUIS JUSTO. MAECENAS RHONCUS ALIQUAM LACUS."
132,99,Mitsubishi,Montero,1998,Yellow,Puce,29101,2,5572.48,47060.92,101180.978,"VESTIBULUM SED MAGNA AT NUNC COMMODO PLACERAT. PRAESENT BLANDIT. NAM NULLA. INTEGER PEDE JUSTO, LACINIA EGET, TINCIDUNT EGET, TEMPUS VEL, PEDE."
133,42,Toyota,Highlander,2008,Indigo,Maroon,283107,0,766.37,51324.79,110348.2985,ETIAM PRETIUM IACULIS JUSTO. IN HAC HABITASSE PLATEA DICTUMST. ETIAM FAUCIBUS CURSUS URNA. UT TELLUS.
134,,Jaguar,XJ,2010,Teal,Yellow,19762,3,2141.73,35591.95,76522.6925,
135,67,Mazda,MX-6,1990,Goldenrod,Fuscia,115894,0,8423.2,97343.6,209288.74,"MORBI QUIS TORTOR ID NULLA ULTRICES ALIQUET. MAECENAS LEO ODIO, CONDIMENTUM ID, LUCTUS NEC, MOLESTIE SED, JUSTO. PELLENTESQUE VIVERRA PEDE AC DIAM. CRAS PELLENTESQUE VOLUTPAT DUI."
136,81,Dodge,Dakota Club,1992,Maroon,Mauv,252629,3,4091.2,5259.24,11307.366,"NAM NULLA. INTEGER PEDE JUSTO, LACINIA EGET, TINCIDUNT EGET, TEMPUS VEL, PEDE. MORBI PORTTITOR LOREM ID LIGULA. SUSPENDISSE ORNARE CONSEQUAT LECTUS."
137,49,Ford,E-Series,1985,Green,Orange,52601,3,2055.35,19093.48,41050.982,"QUISQUE ERAT EROS, VIVERRA EGET, CONGUE EGET, SEMPER RUTRUM, NULLA. NUNC PURUS."
138,72,Mitsubishi,Pajero,2005,Maroon,Fuscia,218453,1,8858.44,77422.64,166458.676,MAURIS LACINIA SAPIEN QUIS LIBERO. NULLAM SIT AMET TURPIS ELEMENTUM LIGULA VEHICULA CONSEQUAT.
139,,Chevrolet,Corvette,1975,Violet,Khaki,209407,1,5602.64,63047.57,135552.2755,
140,15,Toyota,Highlander,2011,Purple,Crimson,190008,0,3199.56,70266.32,151072.588,"NULLAM MOLESTIE NIBH IN LECTUS. PELLENTESQUE AT NULLA. SUSPENDISSE POTENTI. CRAS IN PURUS EU MAGNA VULPUTATE LUCTUS. CUM SOCIIS NATOQUE PENATIBUS ET MAGNIS DIS PARTURIENT MONTES, NASCETUR RIDICULUS MUS. VIVAMUS VESTIBULUM SAGITTIS SAPIEN."
141,41,Toyota,Corolla,2005,Crimson,Goldenrod,134428,3,5255.97,25749.95,55362.3925,"PHASELLUS ID SAPIEN IN SAPIEN IACULIS CONGUE. VIVAMUS METUS ARCU, ADIPISCING MOLESTIE, HENDRERIT AT, VULPUTATE VITAE, NISL. AENEAN LECTUS. PELLENTESQUE EGET NUNC."
142,,Chrysler,Crossfire Roadster,2006,Teal,Turquoise,120972,2,7168.34,76750.37,165013.2955,
143,51,Saturn,L-Series,2005,Maroon,Green,143921,3,3981.56,41190.4,88559.36,MORBI NON QUAM NEC DUI LUCTUS RUTRUM. NULLA TELLUS. IN SAGITTIS DUI VEL NISL. DUIS AC NIBH.
144,60,Audi,A7,2012,Violet,Maroon,227119,0,7554.2,93175.27,200326.8305,"VIVAMUS METUS ARCU, ADIPISCING MOLESTIE, HENDRERIT AT, VULPUTATE VITAE, NISL. AENEAN LECTUS. PELLENTESQUE EGET NUNC."
145,62,Toyota,Sequoia,2009,Mauv,Yellow,69928,2,5229.4,17240.21,37066.4515,"LOREM IPSUM DOLOR SIT AMET, CONSECTETUER ADIPISCING ELIT. PROIN RISUS. PRAESENT LECTUS. VESTIBULUM QUAM SAPIEN, VARIUS UT, BLANDIT NON, INTERDUM IN, ANTE. VESTIBULUM ANTE IPSUM PRIMIS IN FAUCIBUS ORCI LUCTUS ET ULTRICES POSUERE CUBILIA CURAE; DUIS FAUCIBUS ACCUMSAN ODIO. CURABITUR CONVALLIS. DUIS CONSEQUAT DUI NEC NISI VOLUTPAT ELEIFEND. DONEC UT DOLOR."
146,,Dodge,Charger,2012,Purple,Indigo,257346,1,9315.01,27752.82,59668.563,
147,23,Toyota,Corolla,1992,Pink,Crimson,152807,3,2173.22,82937.79,178316.2485,"MORBI NON QUAM NEC DUI LUCTUS RUTRUM. NULLA TELLUS. IN SAGITTIS DUI VEL NISL. DUIS AC NIBH. FUSCE LACUS PURUS, ALIQUET AT, FEUGIAT NON, PRETIUM QUIS, LECTUS."
148,97,Eagle,Talon,1994,Mauv,Fuscia,227387,0,7564.07,16049.99,34507.4785,"PELLENTESQUE VIVERRA PEDE AC DIAM. CRAS PELLENTESQUE VOLUTPAT DUI. MAECENAS TRISTIQUE, EST ET TEMPUS SEMPER, EST QUAM PHARETRA MAGNA, AC CONSEQUAT METUS SAPIEN UT NUNC. VESTIBULUM ANTE IPSUM PRIMIS IN FAUCIBUS ORCI LUCTUS ET ULTRICES POSUERE CUBILIA CURAE; MAURIS VIVERRA DIAM VITAE QUAM. SUSPENDISSE POTENTI. NULLAM PORTTITOR LACUS AT TURPIS. DONEC POSUERE METUS VITAE IPSUM. ALIQUAM NON MAURIS."
149,69,Isuzu,Rodeo,1996,Teal,Red,205111,0,6188.91,99545.37,214022.5455,"ALIQUAM AUGUE QUAM, SOLLICITUDIN VITAE, CONSECTETUER EGET, RUTRUM AT, LOREM. INTEGER TINCIDUNT ANTE VEL IPSUM. PRAESENT BLANDIT LACINIA ERAT. VESTIBULUM SED MAGNA AT NUNC COMMODO PLACERAT. PRAESENT BLANDIT. NAM NULLA. INTEGER PEDE JUSTO, LACINIA EGET, TINCIDUNT EGET, TEMPUS VEL, PEDE. MORBI PORTTITOR LOREM ID LIGULA. SUSPENDISSE ORNARE CONSEQUAT LECTUS. IN EST RISUS, AUCTOR SED, TRISTIQUE IN, TEMPUS SIT AMET, SEM."
150,,Dodge,Neon,1996,Violet,Orange,218571,3,2026.36,99292.06,213477.929,
151,99,Mazda,929,1991,Goldenrod,Purple,221680,3,2180.4,64352.2,138357.23,MAURIS LACINIA SAPIEN QUIS LIBERO. NULLAM SIT AMET TURPIS ELEMENTUM LIGULA VEHICULA CONSEQUAT. MORBI A IPSUM.
152,,Ford,Ranger,2005,Blue,Red,77729,1,6289.05,46738.27,100487.2805,
153,23,Chevrolet,Impala,2001,Teal,Orange,115215,1,8504.95,46034.2,98973.53,ETIAM FAUCIBUS CURSUS URNA. UT TELLUS. NULLA UT ERAT ID MAURIS VULPUTATE ELEMENTUM. NULLAM VARIUS. NULLA FACILISI. CRAS NON VELIT NEC NISI VULPUTATE NONUMMY. MAECENAS TINCIDUNT LACUS AT VELIT. VIVAMUS VEL NULLA EGET EROS ELEMENTUM PELLENTESQUE. QUISQUE PORTA VOLUTPAT ERAT.
154,65,Honda,Insight,2005,Green,Mauv,279329,3,6440.14,18584.91,39957.5565,NUNC PURUS. PHASELLUS IN FELIS. DONEC SEMPER SAPIEN A LIBERO.
155,52,Ford,F350,2009,Goldenrod,Mauv,179360,2,9984.66,88930.23,191199.9945,ETIAM PRETIUM IACULIS JUSTO. IN HAC HABITASSE PLATEA DICTUMST. ETIAM FAUCIBUS CURSUS URNA. UT TELLUS. NULLA UT ERAT ID MAURIS VULPUTATE ELEMENTUM. NULLAM VARIUS. NULLA FACILISI. CRAS NON VELIT NEC NISI VULPUTATE NONUMMY. MAECENAS TINCIDUNT LACUS AT VELIT.
156,,Mazda,Miata MX-5,1997,Aquamarine,Khaki,267918,2,1325.9,60650.48,130398.532,
157,,Mercury,Mariner,2011,Crimson,Maroon,41354,3,9864.69,27366.18,58837.287,
158,,Chevrolet,Express 3500,2005,Violet,Red,123803,3,2531.75,5128.37,11025.9955,
159,63,Chevrolet,Express 2500,1998,Mauv,Pink,49129,2,4482.87,27239.23,58564.3445,"NUNC PURUS. PHASELLUS IN FELIS. DONEC SEMPER SAPIEN A LIBERO. NAM DUI. PROIN LEO ODIO, PORTTITOR ID, CONSEQUAT IN, CONSEQUAT UT, NULLA. SED ACCUMSAN FELIS. UT AT DOLOR QUIS ODIO CONSEQUAT VARIUS. INTEGER AC LEO. PELLENTESQUE ULTRICES MATTIS ODIO."
160,,Jeep,Wrangler,2002,Purple,Goldenrod,156494,1,2520.2,7516.68,16160.862,
161,,Subaru,Forester,2002,Purple,Goldenrod,12960,2,6424.4,89255.85,191900.0775,
162,,Mercedes-Benz,E-Class,1985,Purple,Khaki,251347,1,3356.89,75479.68,162281.312,
163,65,Porsche,Boxster,2002,Khaki,Teal,69802,0,9222.37,99147.77,213167.7055,"DUIS AC NIBH. FUSCE LACUS PURUS, ALIQUET AT, FEUGIAT NON, PRETIUM QUIS, LECTUS. SUSPENDISSE POTENTI. IN ELEIFEND QUAM A ODIO. IN HAC HABITASSE PLATEA DICTUMST. MAECENAS UT MASSA QUIS AUGUE LUCTUS TINCIDUNT."
164,2,Pontiac,Bonneville,1984,Orange,Crimson,137961,1,3875.39,70211.89,150955.5635,"NULLAM ORCI PEDE, VENENATIS NON, SODALES SED, TINCIDUNT EU, FELIS. FUSCE POSUERE FELIS SED LACUS. MORBI SEM MAURIS, LAOREET UT, RHONCUS ALIQUET, PULVINAR SED, NISL. NUNC RHONCUS DUI VEL SEM. SED SAGITTIS. NAM CONGUE, RISUS SEMPER PORTA VOLUTPAT, QUAM PEDE LOBORTIS LIGULA, SIT AMET ELEIFEND PEDE LIBERO QUIS ORCI."
165,56,Daewoo,Nubira,2001,Violet,Mauv,188846,1,5739.05,60867.67,130865.4905,"IN SAGITTIS DUI VEL NISL. DUIS AC NIBH. FUSCE LACUS PURUS, ALIQUET AT, FEUGIAT NON, PRETIUM QUIS, LECTUS. SUSPENDISSE POTENTI. IN ELEIFEND QUAM A ODIO. IN HAC HABITASSE PLATEA DICTUMST. MAECENAS UT MASSA QUIS AUGUE LUCTUS TINCIDUNT. NULLA MOLLIS MOLESTIE LOREM."
166,80,Chevrolet,Caprice Classic,1995,Pink,Fuscia,19192,2,9439.43,72677.52,156256.668,"FUSCE POSUERE FELIS SED LACUS. MORBI SEM MAURIS, LAOREET UT, RHONCUS ALIQUET, PULVINAR SED, NISL."
167,,Buick,Century,1984,Blue,Goldenrod,226203,2,1920.58,67712.16,145581.144,
168,53,Volvo,C30,2008,Khaki,Purple,70094,3,6553.23,10099.8,21714.57,MORBI NON QUAM NEC DUI LUCTUS RUTRUM. NULLA TELLUS.
169,5,Pontiac,Firefly,1985,Goldenrod,Orange,60490,2,4716.36,93556.41,201146.2815,"MAECENAS TINCIDUNT LACUS AT VELIT. VIVAMUS VEL NULLA EGET EROS ELEMENTUM PELLENTESQUE. QUISQUE PORTA VOLUTPAT ERAT. QUISQUE ERAT EROS, VIVERRA EGET, CONGUE EGET, SEMPER RUTRUM, NULLA."
170,5,BMW,X6 M,2011,Red,Purple,256757,1,2999.85,82954.77,178352.7555,"UT TELLUS. NULLA UT ERAT ID MAURIS VULPUTATE ELEMENTUM. NULLAM VARIUS. NULLA FACILISI. CRAS NON VELIT NEC NISI VULPUTATE NONUMMY. MAECENAS TINCIDUNT LACUS AT VELIT. VIVAMUS VEL NULLA EGET EROS ELEMENTUM PELLENTESQUE. QUISQUE PORTA VOLUTPAT ERAT. QUISQUE ERAT EROS, VIVERRA EGET, CONGUE EGET, SEMPER RUTRUM, NULLA."
171,,Toyota,Paseo,1995,Mauv,Indigo,186943,1,9453.0,6432.73,13830.3695,
172,,Ford,F-Series,1986,Green,Fuscia,232309,3,5901.53,18873.73,40578.5195,
173,70,Land Rover,LR3,2009,Puce,Maroon,103538,0,6081.14,50144.64,107810.976,"NAM CONGUE, RISUS SEMPER PORTA VOLUTPAT, QUAM PEDE LOBORTIS LIGULA, SIT AMET ELEIFEND PEDE LIBERO QUIS ORCI. NULLAM MOLESTIE NIBH IN LECTUS. PELLENTESQUE AT NULLA. SUSPENDISSE POTENTI. CRAS IN PURUS EU MAGNA VULPUTATE LUCTUS."
174,15,Jeep,Grand Cherokee,2003,Blue,Puce,87420,2,8910.27,70862.49,152354.3535,"PROIN AT TURPIS A PEDE POSUERE NONUMMY. INTEGER NON VELIT. DONEC DIAM NEQUE, VESTIBULUM EGET, VULPUTATE UT, ULTRICES VEL, AUGUE. VESTIBULUM ANTE IPSUM PRIMIS IN FAUCIBUS ORCI LUCTUS ET ULTRICES POSUERE CUBILIA CURAE; DONEC PHARETRA, MAGNA VESTIBULUM ALIQUET ULTRICES, ERAT TORTOR SOLLICITUDIN MI, SIT AMET LOBORTIS SAPIEN SAPIEN NON MI. INTEGER AC NEQUE. DUIS BIBENDUM."
175,66,Subaru,Impreza,2000,Pink,Green,50937,3,1906.94,97154.19,208881.5085,PRAESENT BLANDIT LACINIA ERAT. VESTIBULUM SED MAGNA AT NUNC COMMODO PLACERAT. PRAESENT BLANDIT.
176,42,GMC,3500 Club Coupe,1996,Puce,Goldenrod,68538,2,8500.29,65006.73,139764.4695,"PELLENTESQUE ULTRICES MATTIS ODIO. DONEC VITAE NISI. NAM ULTRICES, LIBERO NON MATTIS PULVINAR, NULLA PEDE ULLAMCORPER AUGUE, A SUSCIPIT NULLA ELIT AC NULLA."
177,86,Dodge,Stratus,1999,Blue,Khaki,224524,0,9625.81,95803.96,205978.514,"MORBI UT ODIO. CRAS MI PEDE, MALESUADA IN, IMPERDIET ET, COMMODO VULPUTATE, JUSTO. IN BLANDIT ULTRICES ENIM. LOREM IPSUM DOLOR SIT AMET, CONSECTETUER ADIPISCING ELIT. PROIN INTERDUM MAURIS NON LIGULA PELLENTESQUE ULTRICES. PHASELLUS ID SAPIEN IN SAPIEN IACULIS CONGUE."
178,64,Suzuki,X-90,1996,Orange,Crimson,56658,3,1696.29,35522.14,76372.601,"NAM ULTRICES, LIBERO NON MATTIS PULVINAR, NULLA PEDE ULLAMCORPER AUGUE, A SUSCIPIT NULLA ELIT AC NULLA. SED VEL ENIM SIT AMET NUNC VIVERRA DAPIBUS. NULLA SUSCIPIT LIGULA IN LACUS. CURABITUR AT IPSUM AC TELLUS SEMPER INTERDUM. MAURIS ULLAMCORPER PURUS SIT AMET NULLA. QUISQUE ARCU LIBERO, RUTRUM AC, LOBORTIS VEL, DAPIBUS AT, DIAM."
179,,Chevrolet,Astro,1994,Orange,Turquoise,19033,3,7629.32,13070.75,28102.1125,
180,4,Chevrolet,Caprice Classic,1993,Purple,Teal,32307,0,8912.39,15205.8,32692.47,DONEC DAPIBUS. DUIS AT VELIT EU EST CONGUE ELEMENTUM. IN HAC HABITASSE PLATEA DICTUMST.
181,,Chevrolet,Monte Carlo,2002,Khaki,Teal,23187,1,658.96,98088.45,210890.1675,
182,74,Toyota,Land Cruiser,1997,Goldenrod,Blue,22591,0,6661.92,66078.13,142067.9795,"IN TEMPOR, TURPIS NEC EUISMOD SCELERISQUE, QUAM TURPIS ADIPISCING LOREM, VITAE MATTIS NIBH LIGULA NEC SEM. DUIS ALIQUAM CONVALLIS NUNC. PROIN AT TURPIS A PEDE POSUERE NONUMMY. INTEGER NON VELIT. DONEC DIAM NEQUE, VESTIBULUM EGET, VULPUTATE UT, ULTRICES VEL, AUGUE. VESTIBULUM ANTE IPSUM PRIMIS IN FAUCIBUS ORCI LUCTUS ET ULTRICES POSUERE CUBILIA CURAE; DONEC PHARETRA, MAGNA VESTIBULUM ALIQUET ULTRICES, ERAT TORTOR SOLLICITUDIN MI, SIT AMET LOBORTIS SAPIEN SAPIEN NON MI."
183,29,Cadillac,DeVille,1997,Blue,Puce,279234,0,8400.63,59923.21,128834.9015,"VESTIBULUM AC EST LACINIA NISI VENENATIS TRISTIQUE. FUSCE CONGUE, DIAM ID ORNARE IMPERDIET, SAPIEN URNA PRETIUM NISL, UT VOLUTPAT SAPIEN ARCU SED AUGUE. ALIQUAM ERAT VOLUTPAT. IN CONGUE. ETIAM JUSTO. ETIAM PRETIUM IACULIS JUSTO. IN HAC HABITASSE PLATEA DICTUMST. ETIAM FAUCIBUS CURSUS URNA."
184,8,Oldsmobile,Aurora,2002,Khaki,Fuscia,257833,2,9126.27,75583.28,162504.052,"PHASELLUS IN FELIS. DONEC SEMPER SAPIEN A LIBERO. NAM DUI. PROIN LEO ODIO, PORTTITOR ID, CONSEQUAT IN, CONSEQUAT UT, NULLA. SED ACCUMSAN FELIS."
185,25,Hyundai,Entourage,2009,Fuscia,Red,220178,2,8362.05,23982.55,51562.4825,MAECENAS UT MASSA QUIS AUGUE LUCTUS TINCIDUNT. NULLA MOLLIS MOLESTIE LOREM.
186,24,Audi,A8,2003,Teal,Khaki,7831,0,7989.79,35878.22,77138.173,"MORBI UT ODIO. CRAS MI PEDE, MALESUADA IN, IMPERDIET ET, COMMODO VULPUTATE, JUSTO. IN BLANDIT ULTRICES ENIM. LOREM IPSUM DOLOR SIT AMET, CONSECTETUER ADIPISCING ELIT. PROIN INTERDUM MAURIS NON LIGULA PELLENTESQUE ULTRICES. PHASELLUS ID SAPIEN IN SAPIEN IACULIS CONGUE."
187,,Toyota,Tundra,2009,Indigo,Khaki,67973,3,4281.25,21141.41,45454.0315,
188,98,Ford,F-Series,1993,Purple,Aquamarine,153026,2,732.91,91908.68,197603.662,"SUSPENDISSE ORNARE CONSEQUAT LECTUS. IN EST RISUS, AUCTOR SED, TRISTIQUE IN, TEMPUS SIT AMET, SEM. FUSCE CONSEQUAT. NULLA NISL. NUNC NISL. DUIS BIBENDUM, FELIS SED INTERDUM VENENATIS, TURPIS ENIM BLANDIT MI, IN PORTTITOR PEDE JUSTO EU MASSA. DONEC DAPIBUS. DUIS AT VELIT EU EST CONGUE ELEMENTUM. IN HAC HABITASSE PLATEA DICTUMST. MORBI VESTIBULUM, VELIT ID PRETIUM IACULIS, DIAM ERAT FERMENTUM JUSTO, NEC CONDIMENTUM NEQUE SAPIEN PLACERAT ANTE."
189,,GMC,1500 Club Coupe,1993,Purple,Red,129677,0,6078.14,92942.58,199826.547,
190,2,GMC,Savana 1500,1999,Maroon,Yellow,109786,2,819.6,71270.76,153232.134,"PROIN LEO ODIO, PORTTITOR ID, CONSEQUAT IN, CONSEQUAT UT, NULLA. SED ACCUMSAN FELIS."
191,99,Volvo,V40,2003,Mauv,Aquamarine,193095,2,6865.55,86234.28,185403.702,NULLA NISL. NUNC NISL.
192,60,Chevrolet,K5 Blazer,1995,Orange,Teal,33942,2,1971.47,7314.45,15726.0675,INTEGER AC NEQUE. DUIS BIBENDUM. MORBI NON QUAM NEC DUI LUCTUS RUTRUM.
193,62,Volvo,C70,2004,Puce,Puce,246007,3,9816.35,87184.72,187447.148,"VIVAMUS METUS ARCU, ADIPISCING MOLESTIE, HENDRERIT AT, VULPUTATE VITAE, NISL. AENEAN LECTUS. PELLENTESQUE EGET NUNC."
194,59,Ford,E250,2012,Goldenrod,Aquamarine,95711,3,2743.06,90432.73,194430.3695,"CURABITUR CONVALLIS. DUIS CONSEQUAT DUI NEC NISI VOLUTPAT ELEIFEND. DONEC UT DOLOR. MORBI VEL LECTUS IN QUAM FRINGILLA RHONCUS. MAURIS ENIM LEO, RHONCUS SED, VESTIBULUM SIT AMET, CURSUS ID, TURPIS."
195,38,Volkswagen,Jetta,1984,Fuscia,Maroon,122438,3,4815.48,96848.45,208224.1675,"CRAS PELLENTESQUE VOLUTPAT DUI. MAECENAS TRISTIQUE, EST ET TEMPUS SEMPER, EST QUAM PHARETRA MAGNA, AC CONSEQUAT METUS SAPIEN UT NUNC. VESTIBULUM ANTE IPSUM PRIMIS IN FAUCIBUS ORCI LUCTUS ET ULTRICES POSUERE CUBILIA CURAE; MAURIS VIVERRA DIAM VITAE QUAM. SUSPENDISSE POTENTI. NULLAM PORTTITOR LACUS AT TURPIS. DONEC POSUERE METUS VITAE IPSUM. ALIQUAM NON MAURIS. MORBI NON LECTUS. ALIQUAM SIT AMET DIAM IN MAGNA BIBENDUM IMPERDIET."
196,54,Eagle,Summit,1993,Indigo,Goldenrod,260556,0,7122.52,71112.36,152891.574,"PELLENTESQUE AT NULLA. SUSPENDISSE POTENTI. CRAS IN PURUS EU MAGNA VULPUTATE LUCTUS. CUM SOCIIS NATOQUE PENATIBUS ET MAGNIS DIS PARTURIENT MONTES, NASCETUR RIDICULUS MUS. VIVAMUS VESTIBULUM SAGITTIS SAPIEN. CUM SOCIIS NATOQUE PENATIBUS ET MAGNIS DIS PARTURIENT MONTES, NASCETUR RIDICULUS MUS. ETIAM VEL AUGUE. VESTIBULUM RUTRUM RUTRUM NEQUE. AENEAN AUCTOR GRAVIDA SEM. PRAESENT ID MASSA ID NISL VENENATIS LACINIA."
197,70,Dodge,Daytona,1984,Aquamarine,Crimson,77847,3,8782.74,29839.44,64154.796,"IN QUIS JUSTO. MAECENAS RHONCUS ALIQUAM LACUS. MORBI QUIS TORTOR ID NULLA ULTRICES ALIQUET. MAECENAS LEO ODIO, CONDIMENTUM ID, LUCTUS NEC, MOLESTIE SED, JUSTO. PELLENTESQUE VIVERRA PEDE AC DIAM. CRAS PELLENTESQUE VOLUTPAT DUI. MAECENAS TRISTIQUE, EST ET TEMPUS SEMPER, EST QUAM PHARETRA MAGNA, AC CONSEQUAT METUS SAPIEN UT NUNC. VESTIBULUM ANTE IPSUM PRIMIS IN FAUCIBUS ORCI LUCTUS ET ULTRICES POSUERE CUBILIA CURAE; MAURIS VIVERRA DIAM VITAE QUAM. SUSPENDISSE POTENTI."
198,63,Audi,TT,2011,Yellow,Red,261636,0,8199.18,79128.23,170125.6945,"QUISQUE ERAT EROS, VIVERRA EGET, CONGUE EGET, SEMPER RUTRUM, NULLA. NUNC PURUS. PHASELLUS IN FELIS."
199,12,Nissan,Murano,2003,Red,Khaki,153452,1,7525.22,81952.96,176198.864,"IN EST RISUS, AUCTOR SED, TRISTIQUE IN, TEMPUS SIT AMET, SEM. FUSCE CONSEQUAT. NULLA NISL. NUNC NISL. DUIS BIBENDUM, FELIS SED INTERDUM VENENATIS, TURPIS ENIM BLANDIT MI, IN PORTTITOR PEDE JUSTO EU MASSA."
200,,Volkswagen,Type 2,1988,Fuscia,Maroon,190621,2,1837.12,31779.11,68325.0865,
201,34,Cadillac,Seville,2002,Crimson,Fuscia,4101,3,4221.1,47719.93,102597.8495,"MORBI A IPSUM. INTEGER A NIBH. IN QUIS JUSTO. MAECENAS RHONCUS ALIQUAM LACUS. MORBI QUIS TORTOR ID NULLA ULTRICES ALIQUET. MAECENAS LEO ODIO, CONDIMENTUM ID, LUCTUS NEC, MOLESTIE SED, JUSTO. PELLENTESQUE VIVERRA PEDE AC DIAM."
202,99,Toyota,Sienna,2012,Purple,Red,41162,0,5145.53,90645.75,194888.3625,FUSCE CONSEQUAT. NULLA NISL. NUNC NISL.
203,42,Volkswagen,Jetta,1990,Pink,Red,131779,0,2855.04,44880.79,96493.6985,VESTIBULUM ANTE IPSUM PRIMIS IN FAUCIBUS ORCI LUCTUS ET ULTRICES POSUERE CUBILIA CURAE; DUIS FAUCIBUS ACCUMSAN ODIO. CURABITUR CONVALLIS. DUIS CONSEQUAT DUI NEC NISI VOLUTPAT ELEIFEND. DONEC UT DOLOR.
204,10,Chrysler,Town & Country,2008,Fuscia,Mauv,235159,2,9010.23,69311.54,149019.811,SUSPENDISSE POTENTI. IN ELEIFEND QUAM A ODIO. IN HAC HABITASSE PLATEA DICTUMST. MAECENAS UT MASSA QUIS AUGUE LUCTUS TINCIDUNT. NULLA MOLLIS MOLESTIE LOREM. QUISQUE UT ERAT.
205,44,Subaru,Impreza,1993,Violet,Mauv,191361,1,1146.83,20281.37,43604.9455,"SUSPENDISSE ACCUMSAN TORTOR QUIS TURPIS. SED ANTE. VIVAMUS TORTOR. DUIS MATTIS EGESTAS METUS. AENEAN FERMENTUM. DONEC UT MAURIS EGET MASSA TEMPOR CONVALLIS. NULLA NEQUE LIBERO, CONVALLIS EGET, ELEIFEND LUCTUS, ULTRICIES EU, NIBH. QUISQUE ID JUSTO SIT AMET SAPIEN DIGNISSIM VESTIBULUM. VESTIBULUM ANTE IPSUM PRIMIS IN FAUCIBUS ORCI LUCTUS ET ULTRICES POSUERE CUBILIA CURAE; NULLA DAPIBUS DOLOR VEL EST. DONEC ODIO JUSTO, SOLLICITUDIN UT, SUSCIPIT A, FEUGIAT ET, EROS."
206,,Mitsubishi,Galant,2011,Khaki,Blue,97233,0,9026.33,93333.4,200666.81,
207,61,Mercury,Grand Marquis,2007,Aquamarine,Fuscia,194372,1,7320.89,32338.3,69527.345,"VESTIBULUM QUAM SAPIEN, VARIUS UT, BLANDIT NON, INTERDUM IN, ANTE. VESTIBULUM ANTE IPSUM PRIMIS IN FAUCIBUS ORCI LUCTUS ET ULTRICES POSUERE CUBILIA CURAE; DUIS FAUCIBUS ACCUMSAN ODIO. CURABITUR CONVALLIS. DUIS CONSEQUAT DUI NEC NISI VOLUTPAT ELEIFEND. DONEC UT DOLOR. MORBI VEL LECTUS IN QUAM FRINGILLA RHONCUS. MAURIS ENIM LEO, RHONCUS SED, VESTIBULUM SIT AMET, CURSUS ID, TURPIS."
208,93,Mitsubishi,Tredia,1987,Indigo,Turquoise,50363,1,6876.04,95208.6,204698.49,"DONEC UT MAURIS EGET MASSA TEMPOR CONVALLIS. NULLA NEQUE LIBERO, CONVALLIS EGET, ELEIFEND LUCTUS, ULTRICIES EU, NIBH. QUISQUE ID JUSTO SIT AMET SAPIEN DIGNISSIM VESTIBULUM. VESTIBULUM ANTE IPSUM PRIMIS IN FAUCIBUS ORCI LUCTUS ET ULTRICES POSUERE CUBILIA CURAE; NULLA DAPIBUS DOLOR VEL EST. DONEC ODIO JUSTO, SOLLICITUDIN UT, SUSCIPIT A, FEUGIAT ET, EROS. VESTIBULUM AC EST LACINIA NISI VENENATIS TRISTIQUE. FUSCE CONGUE, DIAM ID ORNARE IMPERDIET, SAPIEN URNA PRETIUM NISL, UT VOLUTPAT SAPIEN ARCU SED AUGUE. ALIQUAM ERAT VOLUTPAT. IN CONGUE. ETIAM JUSTO."
209,41,Ford,Expedition,2009,Green,Blue,287427,0,271.87,71302.93,153301.2995,MAECENAS PULVINAR LOBORTIS EST. PHASELLUS SIT AMET ERAT. NULLA TEMPUS.
210,,Mazda,B2000,1985,Blue,Red,278585,0,8502.82,51094.35,109852.8525,
211,,Ford,Thunderbird,2006,Indigo,Red,287655,2,3539.09,89203.79,191788.1485,
212,,Mazda,626,1984,Blue,Khaki,26961,2,2917.29,69847.13,150171.3295,
213,,Lexus,LS,1991,Crimson,Crimson,247536,2,293.51,35741.84,76844.956,
214,,Ford,Bronco II,1985,Blue,Pink,117227,1,1976.57,65859.97,141598.9355,
215,,Dodge,Durango,2008,Orange,Orange,218990,3,7300.26,10430.98,22426.607,
216,92,Mercedes-Benz,SL-Class,1992,Fuscia,Pink,96425,1,5533.31,35548.73,76429.7695,"PROIN EU MI. NULLA AC ENIM. IN TEMPOR, TURPIS NEC EUISMOD SCELERISQUE, QUAM TURPIS ADIPISCING LOREM, VITAE MATTIS NIBH LIGULA NEC SEM. DUIS ALIQUAM CONVALLIS NUNC."
217,75,Pontiac,Grand Am,2004,Goldenrod,Purple,67537,3,5025.18,50341.1,108233.365,"DONEC ODIO JUSTO, SOLLICITUDIN UT, SUSCIPIT A, FEUGIAT ET, EROS. VESTIBULUM AC EST LACINIA NISI VENENATIS TRISTIQUE. FUSCE CONGUE, DIAM ID ORNARE IMPERDIET, SAPIEN URNA PRETIUM NISL, UT VOLUTPAT SAPIEN ARCU SED AUGUE. ALIQUAM ERAT VOLUTPAT. IN CONGUE. ETIAM JUSTO. ETIAM PRETIUM IACULIS JUSTO. IN HAC HABITASSE PLATEA DICTUMST."
218,28,Ford,Tempo,1985,Teal,Turquoise,92232,2,2175.22,23000.27,49450.5805,IN CONGUE. ETIAM JUSTO. ETIAM PRETIUM IACULIS JUSTO. IN HAC HABITASSE PLATEA DICTUMST. ETIAM FAUCIBUS CURSUS URNA. UT TELLUS.
219,81,Buick,Lucerne,2007,Red,Yellow,157205,3,2971.12,30064.71,64639.1265,"MAURIS SIT AMET EROS. SUSPENDISSE ACCUMSAN TORTOR QUIS TURPIS. SED ANTE. VIVAMUS TORTOR. DUIS MATTIS EGESTAS METUS. AENEAN FERMENTUM. DONEC UT MAURIS EGET MASSA TEMPOR CONVALLIS. NULLA NEQUE LIBERO, CONVALLIS EGET, ELEIFEND LUCTUS, ULTRICIES EU, NIBH. QUISQUE ID JUSTO SIT AMET SAPIEN DIGNISSIM VESTIBULUM."
220,,Lexus,LX,2007,Mauv,Green,181267,2,4994.66,18085.7,38884.255,
221,54,Hyundai,Tiburon,2007,Fuscia,Teal,157383,2,7398.02,97417.86,209448.399,"PRAESENT BLANDIT. NAM NULLA. INTEGER PEDE JUSTO, LACINIA EGET, TINCIDUNT EGET, TEMPUS VEL, PEDE. MORBI PORTTITOR LOREM ID LIGULA. SUSPENDISSE ORNARE CONSEQUAT LECTUS. IN EST RISUS, AUCTOR SED, TRISTIQUE IN, TEMPUS SIT AMET, SEM. FUSCE CONSEQUAT. NULLA NISL. NUNC NISL."
222,65,Pontiac,Sunfire,1995,Orange,Goldenrod,149383,3,2619.8,34016.23,73134.8945,ETIAM FAUCIBUS CURSUS URNA. UT TELLUS. NULLA UT ERAT ID MAURIS VULPUTATE ELEMENTUM.
223,45,Acura,SLX,1998,Mauv,Orange,37121,0,8690.47,60321.39,129690.9885,"CURABITUR CONVALLIS. DUIS CONSEQUAT DUI NEC NISI VOLUTPAT ELEIFEND. DONEC UT DOLOR. MORBI VEL LECTUS IN QUAM FRINGILLA RHONCUS. MAURIS ENIM LEO, RHONCUS SED, VESTIBULUM SIT AMET, CURSUS ID, TURPIS. INTEGER ALIQUET, MASSA ID LOBORTIS CONVALLIS, TORTOR RISUS DAPIBUS AUGUE, VEL ACCUMSAN TELLUS NISI EU ORCI. MAURIS LACINIA SAPIEN QUIS LIBERO. NULLAM SIT AMET TURPIS ELEMENTUM LIGULA VEHICULA CONSEQUAT. MORBI A IPSUM. INTEGER A NIBH."
224,27,Ford,Explorer,2011,Pink,Blue,233655,2,9014.88,25409.06,54629.479,"NAM NULLA. INTEGER PEDE JUSTO, LACINIA EGET, TINCIDUNT EGET, TEMPUS VEL, PEDE. MORBI PORTTITOR LOREM ID LIGULA. SUSPENDISSE ORNARE CONSEQUAT LECTUS."
225,,Mercury,Sable,2002,Goldenrod,Khaki,206595,2,7270.63,40612.91,87317.7565,
226,,Saab,9000,1989,Turquoise,Crimson,245330,3,2059.87,87587.34,188312.781,
227,33,Dodge,Viper,2000,Aquamarine,Red,3639,2,7252.97,69653.31,149754.6165,"MAECENAS LEO ODIO, CONDIMENTUM ID, LUCTUS NEC, MOLESTIE SED, JUSTO. PELLENTESQUE VIVERRA PEDE AC DIAM. CRAS PELLENTESQUE VOLUTPAT DUI. MAECENAS TRISTIQUE, EST ET TEMPUS SEMPER, EST QUAM PHARETRA MAGNA, AC CONSEQUAT METUS SAPIEN UT NUNC. VESTIBULUM ANTE IPSUM PRIMIS IN FAUCIBUS ORCI LUCTUS ET ULTRICES POSUERE CUBILIA CURAE; MAURIS VIVERRA DIAM VITAE QUAM. SUSPENDISSE POTENTI."
228,37,Pontiac,Sunbird,1985,Blue,Khaki,193917,3,6005.05,62731.67,134873.0905,ALIQUAM ERAT VOLUTPAT. IN CONGUE. ETIAM JUSTO. ETIAM PRETIUM IACULIS JUSTO. IN HAC HABITASSE PLATEA DICTUMST. ETIAM FAUCIBUS CURSUS URNA.
229,37,Mercury,Grand Marquis,1993,Indigo,Puce,223910,2,9710.32,16627.34,35748.781,"IN HAC HABITASSE PLATEA DICTUMST. MAECENAS UT MASSA QUIS AUGUE LUCTUS TINCIDUNT. NULLA MOLLIS MOLESTIE LOREM. QUISQUE UT ERAT. CURABITUR GRAVIDA NISI AT NIBH. IN HAC HABITASSE PLATEA DICTUMST. ALIQUAM AUGUE QUAM, SOLLICITUDIN VITAE, CONSECTETUER EGET, RUTRUM AT, LOREM. INTEGER TINCIDUNT ANTE VEL IPSUM. PRAESENT BLANDIT LACINIA ERAT."
230,53,BMW,Z4 M Roadster,2009,Crimson,Orange,93568,2,9856.89,20793.77,44706.6055,"VESTIBULUM ANTE IPSUM PRIMIS IN FAUCIBUS ORCI LUCTUS ET ULTRICES POSUERE CUBILIA CURAE; DUIS FAUCIBUS ACCUMSAN ODIO. CURABITUR CONVALLIS. DUIS CONSEQUAT DUI NEC NISI VOLUTPAT ELEIFEND. DONEC UT DOLOR. MORBI VEL LECTUS IN QUAM FRINGILLA RHONCUS. MAURIS ENIM LEO, RHONCUS SED, VESTIBULUM SIT AMET, CURSUS ID, TURPIS. INTEGER ALIQUET, MASSA ID LOBORTIS CONVALLIS, TORTOR RISUS DAPIBUS AUGUE, VEL ACCUMSAN TELLUS NISI EU ORCI. MAURIS LACINIA SAPIEN QUIS LIBERO. NULLAM SIT AMET TURPIS ELEMENTUM LIGULA VEHICULA CONSEQUAT. MORBI A IPSUM."
231,34,Mazda,626,1998,Red,Puce,174300,2,6609.33,93168.39,200312.0385,"NAM ULTRICES, LIBERO NON MATTIS PULVINAR, NULLA PEDE ULLAMCORPER AUGUE, A SUSCIPIT NULLA ELIT AC NULLA. SED VEL ENIM SIT AMET NUNC VIVERRA DAPIBUS. NULLA SUSCIPIT LIGULA IN LACUS. CURABITUR AT IPSUM AC TELLUS SEMPER INTERDUM. MAURIS ULLAMCORPER PURUS SIT AMET NULLA. QUISQUE ARCU LIBERO, RUTRUM AC, LOBORTIS VEL, DAPIBUS AT, DIAM."
232,,Ford,F250,1999,Purple,Violet,247866,1,3521.9,78730.02,169269.543,
233,67,Ford,Thunderbird,2003,Indigo,Maroon,8096,1,103.87,5841.91,12560.1065,"SUSPENDISSE POTENTI. NULLAM PORTTITOR LACUS AT TURPIS. DONEC POSUERE METUS VITAE IPSUM. ALIQUAM NON MAURIS. MORBI NON LECTUS. ALIQUAM SIT AMET DIAM IN MAGNA BIBENDUM IMPERDIET. NULLAM ORCI PEDE, VENENATIS NON, SODALES SED, TINCIDUNT EU, FELIS. FUSCE POSUERE FELIS SED LACUS."
234,74,Corbin,Sparrow,2004,Teal,Orange,1472,0,3286.97,5252.99,11293.9285,"AENEAN AUCTOR GRAVIDA SEM. PRAESENT ID MASSA ID NISL VENENATIS LACINIA. AENEAN SIT AMET JUSTO. MORBI UT ODIO. CRAS MI PEDE, MALESUADA IN, IMPERDIET ET, COMMODO VULPUTATE, JUSTO. IN BLANDIT ULTRICES ENIM."
235,71,Ford,Econoline E250,1997,Pink,Khaki,56085,2,6832.4,19883.03,42748.5145,"NULLAM SIT AMET TURPIS ELEMENTUM LIGULA VEHICULA CONSEQUAT. MORBI A IPSUM. INTEGER A NIBH. IN QUIS JUSTO. MAECENAS RHONCUS ALIQUAM LACUS. MORBI QUIS TORTOR ID NULLA ULTRICES ALIQUET. MAECENAS LEO ODIO, CONDIMENTUM ID, LUCTUS NEC, MOLESTIE SED, JUSTO."
236,48,Hyundai,Sonata,2001,Mauv,Puce,204797,1,1677.91,66641.42,143279.053,"MORBI PORTTITOR LOREM ID LIGULA. SUSPENDISSE ORNARE CONSEQUAT LECTUS. IN EST RISUS, AUCTOR SED, TRISTIQUE IN, TEMPUS SIT AMET, SEM. FUSCE CONSEQUAT."
237,86,Mitsubishi,Lancer,2007,Indigo,Khaki,54522,3,7616.12,14542.8,31267.02,"MORBI A IPSUM. INTEGER A NIBH. IN QUIS JUSTO. MAECENAS RHONCUS ALIQUAM LACUS. MORBI QUIS TORTOR ID NULLA ULTRICES ALIQUET. MAECENAS LEO ODIO, CONDIMENTUM ID, LUCTUS NEC, MOLESTIE SED, JUSTO. PELLENTESQUE VIVERRA PEDE AC DIAM."
238,50,Chevrolet,Malibu,2009,Violet,Mauv,18026,0,8787.73,27860.11,59899.2365,"INTEGER ALIQUET, MASSA ID LOBORTIS CONVALLIS, TORTOR RISUS DAPIBUS AUGUE, VEL ACCUMSAN TELLUS NISI EU ORCI. MAURIS LACINIA SAPIEN QUIS LIBERO. NULLAM SIT AMET TURPIS ELEMENTUM LIGULA VEHICULA CONSEQUAT. MORBI A IPSUM. INTEGER A NIBH. IN QUIS JUSTO. MAECENAS RHONCUS ALIQUAM LACUS. MORBI QUIS TORTOR ID NULLA ULTRICES ALIQUET. MAECENAS LEO ODIO, CONDIMENTUM ID, LUCTUS NEC, MOLESTIE SED, JUSTO."
239,79,Toyota,Land Cruiser,2013,Aquamarine,Goldenrod,187575,0,7256.01,15328.45,32956.1675,NULLAM SIT AMET TURPIS ELEMENTUM LIGULA VEHICULA CONSEQUAT. MORBI A IPSUM. INTEGER A NIBH. IN QUIS JUSTO. MAECENAS RHONCUS ALIQUAM LACUS. MORBI QUIS TORTOR ID NULLA ULTRICES ALIQUET.
240,97,Mitsubishi,3000GT,1998,Maroon,Khaki,200658,3,1576.26,75177.95,161632.5925,"IN EST RISUS, AUCTOR SED, TRISTIQUE IN, TEMPUS SIT AMET, SEM. FUSCE CONSEQUAT. NULLA NISL. NUNC NISL. DUIS BIBENDUM, FELIS SED INTERDUM VENENATIS, TURPIS ENIM BLANDIT MI, IN PORTTITOR PEDE JUSTO EU MASSA. DONEC DAPIBUS. DUIS AT VELIT EU EST CONGUE ELEMENTUM. IN HAC HABITASSE PLATEA DICTUMST."
241,50,Toyota,Corolla,2004,Mauv,Green,65721,0,5004.03,64136.93,137894.3995,"AENEAN FERMENTUM. DONEC UT MAURIS EGET MASSA TEMPOR CONVALLIS. NULLA NEQUE LIBERO, CONVALLIS EGET, ELEIFEND LUCTUS, ULTRICIES EU, NIBH. QUISQUE ID JUSTO SIT AMET SAPIEN DIGNISSIM VESTIBULUM. VESTIBULUM ANTE IPSUM PRIMIS IN FAUCIBUS ORCI LUCTUS ET ULTRICES POSUERE CUBILIA CURAE; NULLA DAPIBUS DOLOR VEL EST."
242,20,Toyota,Tacoma,2009,Green,Purple,210827,3,9202.52,71202.57,153085.5255,"PHASELLUS ID SAPIEN IN SAPIEN IACULIS CONGUE. VIVAMUS METUS ARCU, ADIPISCING MOLESTIE, HENDRERIT AT, VULPUTATE VITAE, NISL. AENEAN LECTUS. PELLENTESQUE EGET NUNC."
243,53,Lincoln,Navigator,2002,Green,Indigo,124925,0,2740.96,72705.32,156316.438,"NAM NULLA. INTEGER PEDE JUSTO, LACINIA EGET, TINCIDUNT EGET, TEMPUS VEL, PEDE. MORBI PORTTITOR LOREM ID LIGULA. SUSPENDISSE ORNARE CONSEQUAT LECTUS. IN EST RISUS, AUCTOR SED, TRISTIQUE IN, TEMPUS SIT AMET, SEM. FUSCE CONSEQUAT. NULLA NISL. NUNC NISL."
244,7,Volvo,S60,2012,Violet,Violet,291225,0,7730.5,10132.16,21784.144,"DONEC SEMPER SAPIEN A LIBERO. NAM DUI. PROIN LEO ODIO, PORTTITOR ID, CONSEQUAT IN, CONSEQUAT UT, NULLA."
245,9,Audi,TT,2003,Blue,Orange,187860,2,268.24,91145.11,195961.9865,ETIAM PRETIUM IACULIS JUSTO. IN HAC HABITASSE PLATEA DICTUMST. ETIAM FAUCIBUS CURSUS URNA. UT TELLUS. NULLA UT ERAT ID MAURIS VULPUTATE ELEMENTUM. NULLAM VARIUS. NULLA FACILISI.
246,49,Mitsubishi,Galant,2005,Green,Violet,238916,0,6197.74,99032.96,212920.864,"AENEAN AUCTOR GRAVIDA SEM. PRAESENT ID MASSA ID NISL VENENATIS LACINIA. AENEAN SIT AMET JUSTO. MORBI UT ODIO. CRAS MI PEDE, MALESUADA IN, IMPERDIET ET, COMMODO VULPUTATE, JUSTO. IN BLANDIT ULTRICES ENIM."
247,97,Infiniti,Q,1999,Orange,Violet,122374,0,6156.1,37233.09,80051.1435,"INTEGER PEDE JUSTO, LACINIA EGET, TINCIDUNT EGET, TEMPUS VEL, PEDE. MORBI PORTTITOR LOREM ID LIGULA. SUSPENDISSE ORNARE CONSEQUAT LECTUS. IN EST RISUS, AUCTOR SED, TRISTIQUE IN, TEMPUS SIT AMET, SEM. FUSCE CONSEQUAT. NULLA NISL. NUNC NISL. DUIS BIBENDUM, FELIS SED INTERDUM VENENATIS, TURPIS ENIM BLANDIT MI, IN PORTTITOR PEDE JUSTO EU MASSA. DONEC DAPIBUS. DUIS AT VELIT EU EST CONGUE ELEMENTUM."
248,44,Lexus,LS Hybrid,2010,Red,Violet,199781,0,458.81,11272.46,24235.789,"MORBI ODIO ODIO, ELEMENTUM EU, INTERDUM EU, TINCIDUNT IN, LEO. MAECENAS PULVINAR LOBORTIS EST. PHASELLUS SIT AMET ERAT. NULLA TEMPUS."
249,11,Mitsubishi,Pajero,1989,Indigo,Aquamarine,201110,1,8589.79,12017.51,25837.6465,"IN EST RISUS, AUCTOR SED, TRISTIQUE IN, TEMPUS SIT AMET, SEM. FUSCE CONSEQUAT. NULLA NISL. NUNC NISL. DUIS BIBENDUM, FELIS SED INTERDUM VENENATIS, TURPIS ENIM BLANDIT MI, IN PORTTITOR PEDE JUSTO EU MASSA. DONEC DAPIBUS. DUIS AT VELIT EU EST CONGUE ELEMENTUM."
250,79,Infiniti,G37,2009,Purple,Red,148954,2,8684.03,10707.64,23021.426,"MAECENAS TINCIDUNT LACUS AT VELIT. VIVAMUS VEL NULLA EGET EROS ELEMENTUM PELLENTESQUE. QUISQUE PORTA VOLUTPAT ERAT. QUISQUE ERAT EROS, VIVERRA EGET, CONGUE EGET, SEMPER RUTRUM, NULLA."
251,90,Buick,LeSabre,1986,Maroon,Purple,1943,3,7292.12,92363.05,198580.5575,"IN HAC HABITASSE PLATEA DICTUMST. MORBI VESTIBULUM, VELIT ID PRETIUM IACULIS, DIAM ERAT FERMENTUM JUSTO, NEC CONDIMENTUM NEQUE SAPIEN PLACERAT ANTE. NULLA JUSTO. ALIQUAM QUIS TURPIS EGET ELIT SODALES SCELERISQUE. MAURIS SIT AMET EROS."
252,,Subaru,Outback,2011,Khaki,Fuscia,106423,1,1114.88,46560.77,100105.6555,
253,30,Saturn,L-Series,2005,Purple,Khaki,76642,0,1601.58,51354.95,110413.1425,"NULLA NISL. NUNC NISL. DUIS BIBENDUM, FELIS SED INTERDUM VENENATIS, TURPIS ENIM BLANDIT MI, IN PORTTITOR PEDE JUSTO EU MASSA. DONEC DAPIBUS."
254,,Saturn,VUE,2004,Puce,Pink,60141,1,4706.83,97063.71,208686.9765,
255,72,Ford,Econoline E250,2000,Yellow,Maroon,252950,3,7585.15,61328.02,131855.243,"MORBI VESTIBULUM, VELIT ID PRETIUM IACULIS, DIAM ERAT FERMENTUM JUSTO, NEC CONDIMENTUM NEQUE SAPIEN PLACERAT ANTE. NULLA JUSTO. ALIQUAM QUIS TURPIS EGET ELIT SODALES SCELERISQUE. MAURIS SIT AMET EROS. SUSPENDISSE ACCUMSAN TORTOR QUIS TURPIS. SED ANTE. VIVAMUS TORTOR. DUIS MATTIS EGESTAS METUS."
256,62,Pontiac,6000,1988,Violet,Indigo,232971,2,5079.49,94036.78,202179.077,"UT TELLUS. NULLA UT ERAT ID MAURIS VULPUTATE ELEMENTUM. NULLAM VARIUS. NULLA FACILISI. CRAS NON VELIT NEC NISI VULPUTATE NONUMMY. MAECENAS TINCIDUNT LACUS AT VELIT. VIVAMUS VEL NULLA EGET EROS ELEMENTUM PELLENTESQUE. QUISQUE PORTA VOLUTPAT ERAT. QUISQUE ERAT EROS, VIVERRA EGET, CONGUE EGET, SEMPER RUTRUM, NULLA."
257,30,Aston Martin,DBS,2011,Green,Purple,247085,2,6607.07,75016.0,161284.4,"VESTIBULUM SED MAGNA AT NUNC COMMODO PLACERAT. PRAESENT BLANDIT. NAM NULLA. INTEGER PEDE JUSTO, LACINIA EGET, TINCIDUNT EGET, TEMPUS VEL, PEDE."
258,45,Buick,Skylark,1988,Khaki,Teal,180155,0,8605.4,72559.48,156002.882,"MAURIS ULLAMCORPER PURUS SIT AMET NULLA. QUISQUE ARCU LIBERO, RUTRUM AC, LOBORTIS VEL, DAPIBUS AT, DIAM. NAM TRISTIQUE TORTOR EU PEDE."
259,61,Chevrolet,S10,1999,Yellow,Pink,24068,0,5380.26,11593.83,24926.7345,"IN EST RISUS, AUCTOR SED, TRISTIQUE IN, TEMPUS SIT AMET, SEM. FUSCE CONSEQUAT. NULLA NISL."
260,68,Oldsmobile,Cutlass,1998,Turquoise,Pink,293857,3,7275.16,54780.14,117777.301,"SED ANTE. VIVAMUS TORTOR. DUIS MATTIS EGESTAS METUS. AENEAN FERMENTUM. DONEC UT MAURIS EGET MASSA TEMPOR CONVALLIS. NULLA NEQUE LIBERO, CONVALLIS EGET, ELEIFEND LUCTUS, ULTRICIES EU, NIBH. QUISQUE ID JUSTO SIT AMET SAPIEN DIGNISSIM VESTIBULUM."
261,92,Suzuki,Swift,1991,Indigo,Indigo,226781,2,4971.15,81901.67,176088.5905,"NULLA MOLLIS MOLESTIE LOREM. QUISQUE UT ERAT. CURABITUR GRAVIDA NISI AT NIBH. IN HAC HABITASSE PLATEA DICTUMST. ALIQUAM AUGUE QUAM, SOLLICITUDIN VITAE, CONSECTETUER EGET, RUTRUM AT, LOREM. INTEGER TINCIDUNT ANTE VEL IPSUM. PRAESENT BLANDIT LACINIA ERAT."
262,8,Jeep,Wrangler,2000,Khaki,Green,17373,1,4258.56,25326.77,54452.5555,"IN EST RISUS, AUCTOR SED, TRISTIQUE IN, TEMPUS SIT AMET, SEM. FUSCE CONSEQUAT. NULLA NISL. NUNC NISL. DUIS BIBENDUM, FELIS SED INTERDUM VENENATIS, TURPIS ENIM BLANDIT MI, IN PORTTITOR PEDE JUSTO EU MASSA. DONEC DAPIBUS. DUIS AT VELIT EU EST CONGUE ELEMENTUM. IN HAC HABITASSE PLATEA DICTUMST. MORBI VESTIBULUM, VELIT ID PRETIUM IACULIS, DIAM ERAT FERMENTUM JUSTO, NEC CONDIMENTUM NEQUE SAPIEN PLACERAT ANTE. NULLA JUSTO."
263,94,Ford,Fiesta,2013,Purple,Violet,148443,3,924.64,77695.18,167044.637,"CRAS MI PEDE, MALESUADA IN, IMPERDIET ET, COMMODO VULPUTATE, JUSTO. IN BLANDIT ULTRICES ENIM."
264,68,Ford,Mustang,2002,Red,Goldenrod,216010,0,5842.33,68834.71,147994.6265,"PROIN INTERDUM MAURIS NON LIGULA PELLENTESQUE ULTRICES. PHASELLUS ID SAPIEN IN SAPIEN IACULIS CONGUE. VIVAMUS METUS ARCU, ADIPISCING MOLESTIE, HENDRERIT AT, VULPUTATE VITAE, NISL."
265,94,Mitsubishi,Diamante,2005,Pink,Yellow,112167,1,1041.14,63470.88,136462.392,PROIN RISUS. PRAESENT LECTUS.
266,12,Toyota,T100 Xtra,1997,Fuscia,Red,114921,2,7383.04,31025.18,66704.137,UT TELLUS. NULLA UT ERAT ID MAURIS VULPUTATE ELEMENTUM. NULLAM VARIUS.
267,,Jaguar,S-Type,2008,Teal,Indigo,264627,2,7483.34,33981.99,73061.2785,
268,67,Ford,Explorer Sport Trac,2001,Aquamarine,Fuscia,151010,1,2085.09,76210.01,163851.5215,"MAECENAS TRISTIQUE, EST ET TEMPUS SEMPER, EST QUAM PHARETRA MAGNA, AC CONSEQUAT METUS SAPIEN UT NUNC. VESTIBULUM ANTE IPSUM PRIMIS IN FAUCIBUS ORCI LUCTUS ET ULTRICES POSUERE CUBILIA CURAE; MAURIS VIVERRA DIAM VITAE QUAM. SUSPENDISSE POTENTI. NULLAM PORTTITOR LACUS AT TURPIS. DONEC POSUERE METUS VITAE IPSUM. ALIQUAM NON MAURIS. MORBI NON LECTUS. ALIQUAM SIT AMET DIAM IN MAGNA BIBENDUM IMPERDIET."
269,,Ford,E-Series,2003,Aquamarine,Orange,186256,1,3983.25,5207.29,11195.6735,
270,99,Suzuki,Grand Vitara,2011,Pink,Orange,79174,1,5584.23,51659.29,111067.4735,"VESTIBULUM SED MAGNA AT NUNC COMMODO PLACERAT. PRAESENT BLANDIT. NAM NULLA. INTEGER PEDE JUSTO, LACINIA EGET, TINCIDUNT EGET, TEMPUS VEL, PEDE. MORBI PORTTITOR LOREM ID LIGULA. SUSPENDISSE ORNARE CONSEQUAT LECTUS. IN EST RISUS, AUCTOR SED, TRISTIQUE IN, TEMPUS SIT AMET, SEM."
271,92,Pontiac,Grand Am,1996,Khaki,Pink,266921,0,6837.86,87812.45,188796.7675,"INTEGER AC NEQUE. DUIS BIBENDUM. MORBI NON QUAM NEC DUI LUCTUS RUTRUM. NULLA TELLUS. IN SAGITTIS DUI VEL NISL. DUIS AC NIBH. FUSCE LACUS PURUS, ALIQUET AT, FEUGIAT NON, PRETIUM QUIS, LECTUS. SUSPENDISSE POTENTI. IN ELEIFEND QUAM A ODIO. IN HAC HABITASSE PLATEA DICTUMST."
272,22,Mazda,Mazda3,2004,Pink,Indigo,133916,3,7589.98,64194.55,138018.2825,"MORBI VESTIBULUM, VELIT ID PRETIUM IACULIS, DIAM ERAT FERMENTUM JUSTO, NEC CONDIMENTUM NEQUE SAPIEN PLACERAT ANTE. NULLA JUSTO. ALIQUAM QUIS TURPIS EGET ELIT SODALES SCELERISQUE. MAURIS SIT AMET EROS. SUSPENDISSE ACCUMSAN TORTOR QUIS TURPIS."
273,22,Hummer,H3,2006,Maroon,Purple,249801,2,970.83,31283.35,67259.2025,"NULLA TEMPUS. VIVAMUS IN FELIS EU SAPIEN CURSUS VESTIBULUM. PROIN EU MI. NULLA AC ENIM. IN TEMPOR, TURPIS NEC EUISMOD SCELERISQUE, QUAM TURPIS ADIPISCING LOREM, VITAE MATTIS NIBH LIGULA NEC SEM. DUIS ALIQUAM CONVALLIS NUNC. PROIN AT TURPIS A PEDE POSUERE NONUMMY."
274,82,Chevrolet,Suburban 2500,2007,Indigo,Khaki,169365,0,6286.84,60084.32,129181.288,"DUIS BIBENDUM, FELIS SED INTERDUM VENENATIS, TURPIS ENIM BLANDIT MI, IN PORTTITOR PEDE JUSTO EU MASSA. DONEC DAPIBUS. DUIS AT VELIT EU EST CONGUE ELEMENTUM. IN HAC HABITASSE PLATEA DICTUMST. MORBI VESTIBULUM, VELIT ID PRETIUM IACULIS, DIAM ERAT FERMENTUM JUSTO, NEC CONDIMENTUM NEQUE SAPIEN PLACERAT ANTE. NULLA JUSTO. ALIQUAM QUIS TURPIS EGET ELIT SODALES SCELERISQUE."
275,,Mazda,MX-6,1996,Green,Purple,198025,2,3767.09,6162.01,13248.3215,
276,93,Dodge,Ram 3500,2010,Fuscia,Crimson,136539,2,752.36,7857.48,16893.582,"VIVAMUS VEL NULLA EGET EROS ELEMENTUM PELLENTESQUE. QUISQUE PORTA VOLUTPAT ERAT. QUISQUE ERAT EROS, VIVERRA EGET, CONGUE EGET, SEMPER RUTRUM, NULLA. NUNC PURUS. PHASELLUS IN FELIS. DONEC SEMPER SAPIEN A LIBERO. NAM DUI."
277,14,Mercury,Mariner,2011,Maroon,Red,11365,3,403.72,94880.59,203993.2685,DONEC POSUERE METUS VITAE IPSUM. ALIQUAM NON MAURIS. MORBI NON LECTUS.
278,14,Hyundai,Santa Fe,2005,Orange,Pink,293837,3,5139.48,58202.28,125134.902,"CURABITUR AT IPSUM AC TELLUS SEMPER INTERDUM. MAURIS ULLAMCORPER PURUS SIT AMET NULLA. QUISQUE ARCU LIBERO, RUTRUM AC, LOBORTIS VEL, DAPIBUS AT, DIAM. NAM TRISTIQUE TORTOR EU PEDE."
279,,Chevrolet,Suburban 1500,1992,Red,Turquoise,221561,3,3256.71,75917.13,163221.8295,
280,44,GMC,Sonoma,2002,Turquoise,Turquoise,283684,3,2088.37,13347.87,28697.9205,"VESTIBULUM AC EST LACINIA NISI VENENATIS TRISTIQUE. FUSCE CONGUE, DIAM ID ORNARE IMPERDIET, SAPIEN URNA PRETIUM NISL, UT VOLUTPAT SAPIEN ARCU SED AUGUE. ALIQUAM ERAT VOLUTPAT. IN CONGUE. ETIAM JUSTO. ETIAM PRETIUM IACULIS JUSTO. IN HAC HABITASSE PLATEA DICTUMST. ETIAM FAUCIBUS CURSUS URNA. UT TELLUS."
281,,Volkswagen,GTI,1992,Goldenrod,Turquoise,68661,3,5992.57,8763.88,18842.342,
282,40,Ford,Mustang,1972,Yellow,Khaki,109479,3,3697.75,65198.72,140177.248,"CURABITUR GRAVIDA NISI AT NIBH. IN HAC HABITASSE PLATEA DICTUMST. ALIQUAM AUGUE QUAM, SOLLICITUDIN VITAE, CONSECTETUER EGET, RUTRUM AT, LOREM. INTEGER TINCIDUNT ANTE VEL IPSUM. PRAESENT BLANDIT LACINIA ERAT."
283,24,GMC,Savana 2500,1999,Turquoise,Khaki,235728,1,5151.6,30885.39,66403.5885,"LOREM IPSUM DOLOR SIT AMET, CONSECTETUER ADIPISCING ELIT. PROIN INTERDUM MAURIS NON LIGULA PELLENTESQUE ULTRICES. PHASELLUS ID SAPIEN IN SAPIEN IACULIS CONGUE. VIVAMUS METUS ARCU, ADIPISCING MOLESTIE, HENDRERIT AT, VULPUTATE VITAE, NISL. AENEAN LECTUS. PELLENTESQUE EGET NUNC. DONEC QUIS ORCI EGET ORCI VEHICULA CONDIMENTUM."
284,91,Acura,RL,2002,Crimson,Puce,231034,1,8330.65,83812.49,180196.8535,"PELLENTESQUE ULTRICES MATTIS ODIO. DONEC VITAE NISI. NAM ULTRICES, LIBERO NON MATTIS PULVINAR, NULLA PEDE ULLAMCORPER AUGUE, A SUSCIPIT NULLA ELIT AC NULLA. SED VEL ENIM SIT AMET NUNC VIVERRA DAPIBUS. NULLA SUSCIPIT LIGULA IN LACUS. CURABITUR AT IPSUM AC TELLUS SEMPER INTERDUM."
285,55,Lexus,GS,2002,Puce,Turquoise,75328,2,7340.49,84919.18,182576.237,"PELLENTESQUE VIVERRA PEDE AC DIAM. CRAS PELLENTESQUE VOLUTPAT DUI. MAECENAS TRISTIQUE, EST ET TEMPUS SEMPER, EST QUAM PHARETRA MAGNA, AC CONSEQUAT METUS SAPIEN UT NUNC. VESTIBULUM ANTE IPSUM PRIMIS IN FAUCIBUS ORCI LUCTUS ET ULTRICES POSUERE CUBILIA CURAE; MAURIS VIVERRA DIAM VITAE QUAM. SUSPENDISSE POTENTI. NULLAM PORTTITOR LACUS AT TURPIS. DONEC POSUERE METUS VITAE IPSUM."
286,,Ford,Crown Victoria,2001,Blue,Goldenrod,159839,1,5898.65,10938.37,23517.4955,
287,20,Volkswagen,GTI,1995,Turquoise,Indigo,219638,0,3166.76,55703.41,119762.3315,"PROIN LEO ODIO, PORTTITOR ID, CONSEQUAT IN, CONSEQUAT UT, NULLA. SED ACCUMSAN FELIS. UT AT DOLOR QUIS ODIO CONSEQUAT VARIUS."
288,41,Volvo,S80,2000,Goldenrod,Pink,136129,0,523.79,57809.19,124289.7585,"INTEGER NON VELIT. DONEC DIAM NEQUE, VESTIBULUM EGET, VULPUTATE UT, ULTRICES VEL, AUGUE. VESTIBULUM ANTE IPSUM PRIMIS IN FAUCIBUS ORCI LUCTUS ET ULTRICES POSUERE CUBILIA CURAE; DONEC PHARETRA, MAGNA VESTIBULUM ALIQUET ULTRICES, ERAT TORTOR SOLLICITUDIN MI, SIT AMET LOBORTIS SAPIEN SAPIEN NON MI. INTEGER AC NEQUE. DUIS BIBENDUM. MORBI NON QUAM NEC DUI LUCTUS RUTRUM. NULLA TELLUS. IN SAGITTIS DUI VEL NISL. DUIS AC NIBH. FUSCE LACUS PURUS, ALIQUET AT, FEUGIAT NON, PRETIUM QUIS, LECTUS."
289,94,Mitsubishi,L300,1988,Turquoise,Puce,51866,0,5223.75,22214.55,47761.2825,"PELLENTESQUE EGET NUNC. DONEC QUIS ORCI EGET ORCI VEHICULA CONDIMENTUM. CURABITUR IN LIBERO UT MASSA VOLUTPAT CONVALLIS. MORBI ODIO ODIO, ELEMENTUM EU, INTERDUM EU, TINCIDUNT IN, LEO. MAECENAS PULVINAR LOBORTIS EST. PHASELLUS SIT AMET ERAT."
290,33,Toyota,Tundra,2004,Blue,Blue,260167,2,1949.24,39844.19,85665.0085,"MAECENAS RHONCUS ALIQUAM LACUS. MORBI QUIS TORTOR ID NULLA ULTRICES ALIQUET. MAECENAS LEO ODIO, CONDIMENTUM ID, LUCTUS NEC, MOLESTIE SED, JUSTO. PELLENTESQUE VIVERRA PEDE AC DIAM. CRAS PELLENTESQUE VOLUTPAT DUI. MAECENAS TRISTIQUE, EST ET TEMPUS SEMPER, EST QUAM PHARETRA MAGNA, AC CONSEQUAT METUS SAPIEN UT NUNC. VESTIBULUM ANTE IPSUM PRIMIS IN FAUCIBUS ORCI LUCTUS ET ULTRICES POSUERE CUBILIA CURAE; MAURIS VIVERRA DIAM VITAE QUAM. SUSPENDISSE POTENTI. NULLAM PORTTITOR LACUS AT TURPIS."
291,,Chevrolet,Silverado 2500,2008,Puce,Aquamarine,142511,0,4165.89,20751.96,44616.714,
292,35,BMW,M5,2003,Puce,Turquoise,220050,0,8774.92,37893.28,81470.552,ETIAM VEL AUGUE. VESTIBULUM RUTRUM RUTRUM NEQUE.
293,,Ford,Tempo,1987,Purple,Crimson,36582,1,6032.07,74452.03,160071.8645,
294,70,Porsche,911,1986,Red,Red,39087,0,2862.42,37956.95,81607.4425,"IN SAGITTIS DUI VEL NISL. DUIS AC NIBH. FUSCE LACUS PURUS, ALIQUET AT, FEUGIAT NON, PRETIUM QUIS, LECTUS. SUSPENDISSE POTENTI. IN ELEIFEND QUAM A ODIO. IN HAC HABITASSE PLATEA DICTUMST. MAECENAS UT MASSA QUIS AUGUE LUCTUS TINCIDUNT. NULLA MOLLIS MOLESTIE LOREM. QUISQUE UT ERAT. CURABITUR GRAVIDA NISI AT NIBH."
295,,Volkswagen,New Beetle,1998,Crimson,Red,291804,3,2822.29,51468.4,110657.06,
296,83,Chrysler,Concorde,1995,Fuscia,Maroon,139185,0,5649.9,27330.31,58760.1665,"IN SAGITTIS DUI VEL NISL. DUIS AC NIBH. FUSCE LACUS PURUS, ALIQUET AT, FEUGIAT NON, PRETIUM QUIS, LECTUS."
297,76,Jaguar,XJ Series,2003,Crimson,Violet,241783,2,5561.79,44389.99,95438.4785,"VESTIBULUM ANTE IPSUM PRIMIS IN FAUCIBUS ORCI LUCTUS ET ULTRICES POSUERE CUBILIA CURAE; DUIS FAUCIBUS ACCUMSAN ODIO. CURABITUR CONVALLIS. DUIS CONSEQUAT DUI NEC NISI VOLUTPAT ELEIFEND. DONEC UT DOLOR. MORBI VEL LECTUS IN QUAM FRINGILLA RHONCUS. MAURIS ENIM LEO, RHONCUS SED, VESTIBULUM SIT AMET, CURSUS ID, TURPIS. INTEGER ALIQUET, MASSA ID LOBORTIS CONVALLIS, TORTOR RISUS DAPIBUS AUGUE, VEL ACCUMSAN TELLUS NISI EU ORCI. MAURIS LACINIA SAPIEN QUIS LIBERO. NULLAM SIT AMET TURPIS ELEMENTUM LIGULA VEHICULA CONSEQUAT. MORBI A IPSUM."
298,50,Ford,F250,2009,Blue,Purple,299451,1,8937.75,23496.23,50516.8945,"DUIS AC NIBH. FUSCE LACUS PURUS, ALIQUET AT, FEUGIAT NON, PRETIUM QUIS, LECTUS. SUSPENDISSE POTENTI. IN ELEIFEND QUAM A ODIO."
299,8,Mercury,Cougar,1992,Fuscia,Maroon,209576,0,7276.9,49358.13,106119.9795,"DUIS CONSEQUAT DUI NEC NISI VOLUTPAT ELEIFEND. DONEC UT DOLOR. MORBI VEL LECTUS IN QUAM FRINGILLA RHONCUS. MAURIS ENIM LEO, RHONCUS SED, VESTIBULUM SIT AMET, CURSUS ID, TURPIS. INTEGER ALIQUET, MASSA ID LOBORTIS CONVALLIS, TORTOR RISUS DAPIBUS AUGUE, VEL ACCUMSAN TELLUS NISI EU ORCI. MAURIS LACINIA SAPIEN QUIS LIBERO. NULLAM SIT AMET TURPIS ELEMENTUM LIGULA VEHICULA CONSEQUAT."
300,100,Honda,Passport,2000,Fuscia,Teal,102531,1,7488.07,57208.77,122998.8555,ETIAM FAUCIBUS CURSUS URNA. UT TELLUS. NULLA UT ERAT ID MAURIS VULPUTATE ELEMENTUM. NULLAM VARIUS.
